wiek,płeć,wydział,poziom_edukacja,czas_dojazd,miejsce_zamieszkania,współlokatorzy,satysfakcja_życie,satysfakcja_nauka,satysfakcja_finanse,satysfakcja_zdrowie_fizyczne,satysfakcja_zdrowie_psychiczne,satysfakcja_relacje,satysfakcja_czas_wolny,liczba_bliskich_znajomych,częstotliwość_spotkań_znajomi,poziom_wsparcia,status_matrymonialny,relacje_rodzina,poziom_stres,kontrola_życie,pomoc_psychologiczna,aktywność_fizyczna,czas_ekran,czas_media,częstotliwość_niezdrowe_jedzenie,częstotliwość_napoje_energetyczne,częstotliwość_wyroby_alkoholowe,częstotliwość_wyroby_nikotynowe,ocena_dieta,ilość_snu_tydzień,ilość_snu_weekend,problemy_sen,ocena_studia,czas_nauka,koła_organizacje,źródło_utrzymania,wydatki_podstawowe,wydatki_rozrywka,ocena_finanse,czy_pracuje,forma_pracy,czas_praca,powiązanie_praca
18 - 20 lat,Mężczyzna,W13,Studia I stopnia - kolejne lata (2-4),do 15 minut,Mieszkanie wynajmowane pod studia,Współlokator (jeden),4,5,5,4,4,4,4,3 - 5,raz w miesiącu,4,zaręczony/zaręczona,5,3,3,nie korzystam,3 - 5,10 i więcej,1 - 2,rzadziej lub nigdy,nie chcę odpowiadać,nie chcę odpowiadać,nie chcę odpowiadać,4,7 - 9,7 - 9,1,"powyżej 5,0",15 - 20 godzin,1,"Rodzina (np. rodzice, opiekunowie)",2 000 - 3 000 zł,do 300 zł,5,Tak,Zdalna,11 - 20 godzin,Tak
18 - 20 lat,Kobieta,W13,Studia I stopnia - kolejne lata (2-4),16 - 30 minut,Mieszkanie wynajmowane pod studia,Współlokatorzy (wielu),4,4,2,4,4,4,3,10 i więcej,codziennie,5,w związku,3,4,3,nie korzystam,3 - 5,6 - 9,1 - 2,co miesiąc,rzadziej lub nigdy,co tydzień,rzadziej lub nigdy,4,7 - 9,więcej niż 9,1,"4,0 - 4,49",15 - 20 godzin,0,"Rodzina (np. rodzice, opiekunowie)",1 000 - 2 000 zł,do 300 zł,2,Tak,Stacjonarna,do 10 godzin,Nie
21 - 23 lata,Mężczyzna,W13,Studia I stopnia - kolejne lata (2-4),31 - 45 minut,Akademik publiczny,Współlokator (jeden),2,4,2,2,2,4,1,1 - 2,raz w tygodniu,2,singiel/singielka,1,4,3,nie korzystam,1 - 2,3 - 5,1 - 2,co kilka dni,co miesiąc,co tydzień,rzadziej lub nigdy,3,5 - 6,5 - 6,4,"4,5 - 5,0",3 - 6 godzin,0,Praca zarobkowa,1 000 - 2 000 zł,do 300 zł,2,Tak,Hybrydowa,11 - 20 godzin,Częściowo
21 - 23 lata,Kobieta,W13,Studia II stopnia lub ukończone studia II stopnia (magister),16 - 30 minut,Akademik publiczny,Współlokator (jeden),1,2,4,1,1,1,3,1 - 2,codziennie,3,singiel/singielka,4,5,1,raz w tygodniu,1 - 2,6 - 9,3 - 5,co tydzień,rzadziej lub nigdy,co tydzień,rzadziej lub nigdy,4,7 - 9,więcej niż 9,4,"4,5 - 5,0",7 - 11 godzin,0,"Rodzina (np. rodzice, opiekunowie)",3 000 - 4 000 zł,600 - 1 000 zł,4,Tak,Hybrydowa,11 - 20 godzin,Tak
24 - 26 lat,Mężczyzna,W13,Studia II stopnia lub ukończone studia II stopnia (magister),16 - 30 minut,Mieszkanie wynajmowane pod studia,Współlokator (jeden),3,4,1,3,3,2,2,6 - 9,kilka razy w tygodniu,3,singiel/singielka,4,5,2,nie korzystam,3 - 5,10 i więcej,3 - 5,co kilka dni,codziennie,rzadziej lub nigdy,rzadziej lub nigdy,2,3 - 4,więcej niż 9,5,"4,5 - 5,0",7 - 11 godzin,1,Praca zarobkowa,3 000 - 4 000 zł,300 - 600 zł,2,Tak,Zdalna,21 - 30 godzin,Częściowo
21 - 23 lata,Mężczyzna,W13,Studia I stopnia - kolejne lata (2-4),powyżej 60 minut,Dom/mieszkanie rodzinne,Rodzina,2,2,1,4,5,3,3,3 - 5,raz w tygodniu,2,singiel/singielka,4,2,3,nie korzystam,0,6 - 9,3 - 5,co tydzień,rzadziej lub nigdy,co miesiąc,co miesiąc,2,5 - 6,więcej niż 9,4,"3,5 - 3,99",11 - 15 godzin,0,Praca zarobkowa,do 1 000 zł,do 300 zł,2,Tak,Stacjonarna,do 10 godzin,Częściowo
27 lat i więcej,Kobieta,W13,Ukończone studia I stopnia (licencjat/inżynier),powyżej 60 minut,Dom/mieszkanie rodzinne,Rodzina,4,3,1,4,3,4,1,3 - 5,raz w miesiącu,4,singiel/singielka,4,5,2,kilka razy w roku,10 i więcej,6 - 9,1 - 2,codziennie,co kilka dni,rzadziej lub nigdy,rzadziej lub nigdy,2,5 - 6,7 - 9,5,"poniżej 3,5",3 - 6 godzin,0,Inne źródła (np. oszczędności),3 000 - 4 000 zł,600 - 1 000 zł,3,Tak,Stacjonarna,powyżej 30 godzin,Nie
18 - 20 lat,Mężczyzna,W13,Studia I stopnia - kolejne lata (2-4),16 - 30 minut,Inne,Współlokator (jeden),4,3,4,4,3,4,3,6 - 9,raz w tygodniu,5,w związku,5,4,4,nie korzystam,6 - 9,6 - 9,1 - 2,co tydzień,rzadziej lub nigdy,co tydzień,rzadziej lub nigdy,4,7 - 9,więcej niż 9,4,"powyżej 5,0",11 - 15 godzin,0,"Rodzina (np. rodzice, opiekunowie)",1 000 - 2 000 zł,300 - 600 zł,5,Nie,,,
21 - 23 lata,Mężczyzna,W13,Studia I stopnia - kolejne lata (2-4),do 15 minut,Mieszkanie wynajmowane pod studia,Współlokatorzy (wielu),4,1,3,4,4,3,4,3 - 5,kilka razy w tygodniu,5,singiel/singielka,4,4,3,raz w tygodniu,1 - 2,3 - 5,1 - 2,co miesiąc,rzadziej lub nigdy,co tydzień,rzadziej lub nigdy,4,7 - 9,7 - 9,2,"4,0 - 4,49",3 - 6 godzin,2,"Rodzina (np. rodzice, opiekunowie)",2 000 - 3 000 zł,do 300 zł,3,Tak,Zdalna,do 10 godzin,Częściowo
24 - 26 lat,Mężczyzna,W13,Studia II stopnia lub ukończone studia II stopnia (magister),16 - 30 minut,Mieszkanie wynajmowane pod studia,Współlokator (jeden),4,2,4,3,3,5,3,1 - 2,raz w miesiącu,2,w związku,3,2,4,nie korzystam,6 - 9,6 - 9,1 - 2,co tydzień,rzadziej lub nigdy,rzadziej lub nigdy,rzadziej lub nigdy,2,5 - 6,więcej niż 9,2,"4,0 - 4,49",0 - 2 godziny,0,Praca zarobkowa,2 000 - 3 000 zł,600 - 1 000 zł,4,Tak,Hybrydowa,powyżej 30 godzin,Częściowo
21 - 23 lata,Mężczyzna,W13,Studia I stopnia - kolejne lata (2-4),powyżej 60 minut,Dom/mieszkanie rodzinne,Rodzina,4,3,4,4,3,5,3,1 - 2,raz w tygodniu,4,w związku,3,4,4,nie korzystam,1 - 2,10 i więcej,1 - 2,co miesiąc,rzadziej lub nigdy,rzadziej lub nigdy,rzadziej lub nigdy,4,7 - 9,7 - 9,2,"4,0 - 4,49",11 - 15 godzin,1,Praca zarobkowa,do 1 000 zł,600 - 1 000 zł,4,Tak,Hybrydowa,21 - 30 godzin,Częściowo
24 - 26 lat,Kobieta,W13,Studia II stopnia lub ukończone studia II stopnia (magister),do 15 minut,Mieszkanie wynajmowane pod studia,Współlokatorzy (wielu),3,3,3,2,2,3,1,3 - 5,raz w miesiącu,3,singiel/singielka,3,5,3,nie korzystam,0,6 - 9,1 - 2,co kilka dni,rzadziej lub nigdy,co miesiąc,rzadziej lub nigdy,2,5 - 6,5 - 6,4,"4,5 - 5,0",powyżej 20 godzin,0,"Rodzina (np. rodzice, opiekunowie)",2 000 - 3 000 zł,300 - 600 zł,4,Tak,Zdalna,11 - 20 godzin,Tak
18 - 20 lat,Mężczyzna,W13,Studia I stopnia - 1. rok,do 15 minut,Akademik publiczny,Współlokator (jeden),5,5,5,1,5,3,2,0,codziennie,1,singiel/singielka,5,1,5,nie korzystam,3 - 5,10 i więcej,1 - 2,co kilka dni,co kilka dni,co kilka dni,codziennie,1,3 - 4,więcej niż 9,5,Brak - w trakcie pierwszego semestru,11 - 15 godzin,0,"Rodzina (np. rodzice, opiekunowie)",1 000 - 2 000 zł,do 300 zł,3,Nie,,,
21 - 23 lata,Kobieta,W13,Studia I stopnia - kolejne lata (2-4),46 - 60 minut,Dom/mieszkanie rodzinne,Rodzina,3,2,2,4,2,3,3,3 - 5,raz w tygodniu,2,singiel/singielka,2,4,3,nie korzystam,3 - 5,6 - 9,1 - 2,co miesiąc,rzadziej lub nigdy,rzadziej lub nigdy,rzadziej lub nigdy,3,7 - 9,więcej niż 9,4,"powyżej 5,0",powyżej 20 godzin,1,"Stypendia (socjalne, naukowe lub inne)",do 1 000 zł,300 - 600 zł,3,Nie,,,
18 - 20 lat,Kobieta,W13,Studia I stopnia - kolejne lata (2-4),16 - 30 minut,Akademik prywatny,Mieszkam sam/a,4,3,5,5,4,4,2,6 - 9,kilka razy w tygodniu,5,w związku,4,3,3,nie korzystam,3 - 5,6 - 9,0,co tydzień,rzadziej lub nigdy,rzadziej lub nigdy,rzadziej lub nigdy,4,7 - 9,7 - 9,4,"4,5 - 5,0",15 - 20 godzin,1,"Rodzina (np. rodzice, opiekunowie)",powyżej 4 000 zł,do 300 zł,5,Nie,,,
18 - 20 lat,Mężczyzna,W13,Studia I stopnia - kolejne lata (2-4),31 - 45 minut,Dom/mieszkanie rodzinne,Rodzina,1,4,4,2,1,1,1,1 - 2,raz w tygodniu,3,singiel/singielka,4,3,2,nie korzystam,0,3 - 5,0,co tydzień,co tydzień,co tydzień,co tydzień,5,7 - 9,więcej niż 9,5,"powyżej 5,0",15 - 20 godzin,3 lub więcej,"Rodzina (np. rodzice, opiekunowie)",do 1 000 zł,do 300 zł,4,Nie,,,
21 - 23 lata,Mężczyzna,W4,Studia I stopnia - kolejne lata (2-4),do 15 minut,Mieszkanie wynajmowane pod studia,Współlokatorzy (wielu),4,4,5,4,4,5,4,1 - 2,raz w tygodniu,4,w związku,4,4,4,nie korzystam,0,10 i więcej,1 - 2,co tydzień,rzadziej lub nigdy,co miesiąc,co tydzień,3,5 - 6,7 - 9,2,"4,5 - 5,0",15 - 20 godzin,0,"Świadczenia publiczne lub prywatne (np. renta, alimenty)",2 000 - 3 000 zł,do 300 zł,5,Tak,Zdalna,powyżej 30 godzin,Tak
21 - 23 lata,Mężczyzna,W13,Studia I stopnia - kolejne lata (2-4),powyżej 60 minut,Dom/mieszkanie rodzinne,Rodzina,3,2,3,4,4,4,4,3 - 5,raz w miesiącu,4,singiel/singielka,4,3,4,nie korzystam,1 - 2,10 i więcej,1 - 2,co tydzień,rzadziej lub nigdy,co miesiąc,rzadziej lub nigdy,4,7 - 9,7 - 9,4,"4,5 - 5,0",15 - 20 godzin,0,"Rodzina (np. rodzice, opiekunowie)",do 1 000 zł,do 300 zł,4,Nie,,,
21 - 23 lata,Mężczyzna,"W4, W13",Studia I stopnia - kolejne lata (2-4),do 15 minut,Mieszkanie wynajmowane pod studia,Współlokator (jeden),3,2,1,2,3,3,2,3 - 5,kilka razy w tygodniu,2,singiel/singielka,2,4,3,raz w tygodniu,1 - 2,10 i więcej,1 - 2,co tydzień,co kilka dni,co tydzień,rzadziej lub nigdy,1,5 - 6,7 - 9,2,"4,0 - 4,49",15 - 20 godzin,3 lub więcej,"Rodzina (np. rodzice, opiekunowie)",3 000 - 4 000 zł,300 - 600 zł,3,Nie,,,
21 - 23 lata,Mężczyzna,W13,Studia I stopnia - kolejne lata (2-4),16 - 30 minut,Mieszkanie wynajmowane pod studia,Współlokator (jeden),3,2,3,3,2,3,1,3 - 5,raz w tygodniu,4,w związku,4,4,4,nie korzystam,6 - 9,6 - 9,1 - 2,co tydzień,rzadziej lub nigdy,co miesiąc,rzadziej lub nigdy,4,7 - 9,7 - 9,1,"3,5 - 3,99",11 - 15 godzin,1,"Rodzina (np. rodzice, opiekunowie)",2 000 - 3 000 zł,do 300 zł,5,Tak,Zdalna,do 10 godzin,Tak
18 - 20 lat,Kobieta,"W12, W13",Studia I stopnia - kolejne lata (2-4),46 - 60 minut,Dom/mieszkanie rodzinne,Rodzina,4,3,5,3,3,3,3,0,raz w tygodniu,5,singiel/singielka,4,2,4,nie korzystam,3 - 5,6 - 9,1 - 2,co tydzień,rzadziej lub nigdy,co miesiąc,rzadziej lub nigdy,4,5 - 6,7 - 9,2,"4,0 - 4,49",3 - 6 godzin,0,Praca zarobkowa,do 1 000 zł,do 300 zł,5,Tak,Zdalna,11 - 20 godzin,Tak
18 - 20 lat,Mężczyzna,W13,Studia I stopnia - 1. rok,46 - 60 minut,Mieszkanie wynajmowane pod studia,Mieszkam sam/a,4,3,3,2,3,2,3,1 - 2,kilka razy w tygodniu,2,singiel/singielka,4,3,2,nie korzystam,3 - 5,6 - 9,1 - 2,co tydzień,rzadziej lub nigdy,co miesiąc,rzadziej lub nigdy,4,7 - 9,7 - 9,1,Brak - w trakcie pierwszego semestru,3 - 6 godzin,1,"Rodzina (np. rodzice, opiekunowie)",2 000 - 3 000 zł,do 300 zł,5,Tak,Zdalna,11 - 20 godzin,Częściowo
21 - 23 lata,Mężczyzna,W13,Studia II stopnia lub ukończone studia II stopnia (magister),31 - 45 minut,Dom/mieszkanie rodzinne,Rodzina,2,2,3,2,2,3,2,3 - 5,raz w miesiącu,2,singiel/singielka,3,4,3,nie korzystam,0,10 i więcej,3 - 5,co tydzień,rzadziej lub nigdy,co miesiąc,rzadziej lub nigdy,2,7 - 9,7 - 9,1,"4,0 - 4,49",0 - 2 godziny,0,Praca zarobkowa,1 000 - 2 000 zł,do 300 zł,3,Tak,Hybrydowa,21 - 30 godzin,Tak
18 - 20 lat,Kobieta,W13,Studia I stopnia - 1. rok,do 15 minut,Inne,Mieszkam sam/a,4,3,4,4,4,2,3,1 - 2,raz w tygodniu,4,singiel/singielka,4,3,3,nie korzystam,6 - 9,6 - 9,1 - 2,rzadziej lub nigdy,rzadziej lub nigdy,co miesiąc,rzadziej lub nigdy,4,7 - 9,7 - 9,1,Brak - w trakcie pierwszego semestru,15 - 20 godzin,0,"Rodzina (np. rodzice, opiekunowie)",1 000 - 2 000 zł,300 - 600 zł,5,Nie,,,
18 - 20 lat,Kobieta,W13,Studia I stopnia - kolejne lata (2-4),do 15 minut,Akademik publiczny,Współlokatorzy (wielu),3,2,5,4,4,5,1,1 - 2,raz w miesiącu,3,w związku,1,4,3,nie korzystam,3 - 5,6 - 9,1 - 2,co tydzień,rzadziej lub nigdy,rzadziej lub nigdy,rzadziej lub nigdy,4,5 - 6,7 - 9,1,"3,5 - 3,99",15 - 20 godzin,0,Inne źródła (np. oszczędności),2 000 - 3 000 zł,do 300 zł,5,Nie,,,
18 - 20 lat,Mężczyzna,W13,Studia I stopnia - 1. rok,powyżej 60 minut,Dom/mieszkanie rodzinne,Rodzina,2,3,2,4,2,3,3,1 - 2,wcale,2,w związku,5,3,3,nie korzystam,3 - 5,6 - 9,3 - 5,co kilka dni,co kilka dni,co miesiąc,rzadziej lub nigdy,3,7 - 9,więcej niż 9,4,Brak - w trakcie pierwszego semestru,7 - 11 godzin,0,"Rodzina (np. rodzice, opiekunowie)",do 1 000 zł,do 300 zł,3,Nie,,,
18 - 20 lat,Mężczyzna,W13,Studia I stopnia - kolejne lata (2-4),31 - 45 minut,Inne,Mieszkam sam/a,3,4,5,2,2,3,2,3 - 5,raz w miesiącu,3,singiel/singielka,5,4,2,nie korzystam,3 - 5,6 - 9,1 - 2,rzadziej lub nigdy,rzadziej lub nigdy,rzadziej lub nigdy,rzadziej lub nigdy,4,5 - 6,więcej niż 9,3,"3,5 - 3,99",3 - 6 godzin,1,"Rodzina (np. rodzice, opiekunowie)",do 1 000 zł,do 300 zł,5,Nie,,,
18 - 20 lat,Kobieta,W13,Studia I stopnia - 1. rok,do 15 minut,Akademik publiczny,Współlokator (jeden),2,1,2,2,1,2,1,3 - 5,raz w tygodniu,4,w związku,3,2,1,nie korzystam,1 - 2,3 - 5,0,co tydzień,co kilka dni,co miesiąc,rzadziej lub nigdy,3,3 - 4,7 - 9,2,Brak - w trakcie pierwszego semestru,powyżej 20 godzin,0,"Rodzina (np. rodzice, opiekunowie)",1 000 - 2 000 zł,do 300 zł,3,Nie,,,
18 - 20 lat,Mężczyzna,W13,Studia I stopnia - 1. rok,do 15 minut,Mieszkanie wynajmowane pod studia,Współlokatorzy (wielu),2,2,4,2,2,3,2,3 - 5,raz w miesiącu,4,singiel/singielka,4,5,2,nie korzystam,0,6 - 9,1 - 2,co tydzień,rzadziej lub nigdy,rzadziej lub nigdy,rzadziej lub nigdy,3,7 - 9,więcej niż 9,2,Brak - w trakcie pierwszego semestru,11 - 15 godzin,0,"Rodzina (np. rodzice, opiekunowie)",1 000 - 2 000 zł,do 300 zł,5,Nie,,,
21 - 23 lata,Inna,W13,Studia I stopnia - kolejne lata (2-4),31 - 45 minut,Mieszkanie wynajmowane pod studia,Mieszkam sam/a,1,3,2,2,1,2,2,3 - 5,kilka razy w tygodniu,4,singiel/singielka,5,5,1,kilka razy w miesiącu,3 - 5,6 - 9,1 - 2,co miesiąc,rzadziej lub nigdy,rzadziej lub nigdy,rzadziej lub nigdy,4,7 - 9,7 - 9,3,"4,0 - 4,49",0 - 2 godziny,0,"Rodzina (np. rodzice, opiekunowie)",1 000 - 2 000 zł,do 300 zł,4,Nie,,,
18 - 20 lat,Mężczyzna,W13,Studia I stopnia - kolejne lata (2-4),16 - 30 minut,Dom/mieszkanie rodzinne,Rodzina,5,4,3,4,5,5,3,3 - 5,kilka razy w tygodniu,5,w związku,5,3,3,nie korzystam,3 - 5,6 - 9,3 - 5,co kilka dni,rzadziej lub nigdy,co miesiąc,rzadziej lub nigdy,4,7 - 9,7 - 9,1,"3,5 - 3,99",11 - 15 godzin,0,"Rodzina (np. rodzice, opiekunowie)",do 1 000 zł,600 - 1 000 zł,3,Tak,Zdalna,do 10 godzin,Częściowo
18 - 20 lat,Kobieta,W13,Studia I stopnia - 1. rok,16 - 30 minut,Akademik prywatny,Mieszkam sam/a,2,3,3,2,3,2,2,3 - 5,raz w tygodniu,4,w związku,4,3,3,nie korzystam,0,3 - 5,1 - 2,co miesiąc,rzadziej lub nigdy,rzadziej lub nigdy,rzadziej lub nigdy,4,7 - 9,7 - 9,1,Brak - w trakcie pierwszego semestru,7 - 11 godzin,1,"Rodzina (np. rodzice, opiekunowie)",3 000 - 4 000 zł,do 300 zł,4,Tak,Hybrydowa,do 10 godzin,Częściowo
21 - 23 lata,Kobieta,W13,Studia I stopnia - kolejne lata (2-4),31 - 45 minut,Mieszkanie wynajmowane pod studia,Współlokator (jeden),4,4,4,3,3,4,3,3 - 5,raz w tygodniu,4,singiel/singielka,2,3,3,nie korzystam,1 - 2,3 - 5,1 - 2,co tydzień,rzadziej lub nigdy,co miesiąc,co tydzień,3,7 - 9,7 - 9,3,"4,5 - 5,0",7 - 11 godzin,0,Praca zarobkowa,1 000 - 2 000 zł,300 - 600 zł,4,Tak,Hybrydowa,do 10 godzin,Częściowo
18 - 20 lat,Mężczyzna,"W4, W13",Studia I stopnia - kolejne lata (2-4),do 15 minut,Mieszkanie wynajmowane pod studia,Współlokatorzy (wielu),3,3,4,2,1,4,1,3 - 5,raz w miesiącu,2,w związku,3,4,3,nie korzystam,6 - 9,3 - 5,1 - 2,rzadziej lub nigdy,rzadziej lub nigdy,rzadziej lub nigdy,rzadziej lub nigdy,5,5 - 6,7 - 9,5,"3,5 - 3,99",powyżej 20 godzin,1,"Rodzina (np. rodzice, opiekunowie)",1 000 - 2 000 zł,do 300 zł,4,Nie,,,
21 - 23 lata,Wolę nie odpowiadać,W13,Studia I stopnia - kolejne lata (2-4),16 - 30 minut,Mieszkanie wynajmowane pod studia,Współlokatorzy (wielu),2,3,1,4,2,1,3,1 - 2,raz w miesiącu,2,singiel/singielka,4,4,2,nie korzystam,3 - 5,6 - 9,1 - 2,co kilka dni,rzadziej lub nigdy,co miesiąc,rzadziej lub nigdy,3,5 - 6,więcej niż 9,5,"3,5 - 3,99",3 - 6 godzin,2,"Rodzina (np. rodzice, opiekunowie)",2 000 - 3 000 zł,do 300 zł,1,Nie,,,
18 - 20 lat,Mężczyzna,W13,Studia I stopnia - 1. rok,do 15 minut,Mieszkanie wynajmowane pod studia,Mieszkam sam/a,3,2,3,3,2,2,2,3 - 5,rzadziej niż raz w miesiącu,4,singiel/singielka,4,3,4,nie korzystam,3 - 5,3 - 5,1 - 2,co miesiąc,rzadziej lub nigdy,rzadziej lub nigdy,rzadziej lub nigdy,5,5 - 6,7 - 9,4,Brak - w trakcie pierwszego semestru,11 - 15 godzin,0,"Rodzina (np. rodzice, opiekunowie)",2 000 - 3 000 zł,do 300 zł,3,Nie,,,
18 - 20 lat,Mężczyzna,W13,Studia I stopnia - 1. rok,do 15 minut,Mieszkanie wynajmowane pod studia,Współlokatorzy (wielu),4,4,3,3,5,4,4,3 - 5,raz w tygodniu,3,singiel/singielka,4,4,5,nie korzystam,6 - 9,6 - 9,3 - 5,co tydzień,rzadziej lub nigdy,rzadziej lub nigdy,rzadziej lub nigdy,4,7 - 9,7 - 9,5,Brak - w trakcie pierwszego semestru,7 - 11 godzin,0,"Rodzina (np. rodzice, opiekunowie)",3 000 - 4 000 zł,do 300 zł,4,Nie,,,
18 - 20 lat,Mężczyzna,W13,Studia I stopnia - 1. rok,do 15 minut,Mieszkanie wynajmowane pod studia,Współlokator (jeden),3,4,4,4,3,2,3,3 - 5,rzadziej niż raz w miesiącu,5,w związku,5,3,4,nie korzystam,3 - 5,3 - 5,1 - 2,co tydzień,co miesiąc,rzadziej lub nigdy,co miesiąc,4,7 - 9,więcej niż 9,1,Brak - w trakcie pierwszego semestru,7 - 11 godzin,1,"Rodzina (np. rodzice, opiekunowie)",3 000 - 4 000 zł,300 - 600 zł,5,Nie,,,
21 - 23 lata,Kobieta,W13,Studia I stopnia - kolejne lata (2-4),do 15 minut,Akademik publiczny,Współlokatorzy (wielu),4,3,3,4,5,4,4,6 - 9,raz w tygodniu,3,singiel/singielka,4,2,4,nie korzystam,3 - 5,10 i więcej,3 - 5,co kilka dni,rzadziej lub nigdy,co tydzień,rzadziej lub nigdy,4,7 - 9,więcej niż 9,2,"4,0 - 4,49",7 - 11 godzin,2,"Rodzina (np. rodzice, opiekunowie)",2 000 - 3 000 zł,do 300 zł,4,Tak,Zdalna,do 10 godzin,Częściowo
18 - 20 lat,Mężczyzna,W13,Studia I stopnia - 1. rok,do 15 minut,Mieszkanie wynajmowane pod studia,Współlokatorzy (wielu),4,4,3,3,5,4,4,3 - 5,raz w tygodniu,4,singiel/singielka,4,1,5,nie korzystam,6 - 9,6 - 9,3 - 5,co tydzień,rzadziej lub nigdy,rzadziej lub nigdy,rzadziej lub nigdy,3,7 - 9,7 - 9,5,Brak - w trakcie pierwszego semestru,7 - 11 godzin,0,"Rodzina (np. rodzice, opiekunowie)",3 000 - 4 000 zł,do 300 zł,4,Nie,,,
18 - 20 lat,Mężczyzna,W13,Studia I stopnia - 1. rok,do 15 minut,Mieszkanie wynajmowane pod studia,Współlokatorzy (wielu),4,4,4,3,5,4,4,3 - 5,raz w tygodniu,4,singiel/singielka,4,1,5,nie korzystam,6 - 9,6 - 9,3 - 5,co tydzień,rzadziej lub nigdy,rzadziej lub nigdy,rzadziej lub nigdy,3,7 - 9,7 - 9,5,Brak - w trakcie pierwszego semestru,7 - 11 godzin,0,"Rodzina (np. rodzice, opiekunowie)",3 000 - 4 000 zł,do 300 zł,4,Nie,,,
18 - 20 lat,Kobieta,W13,Studia I stopnia - kolejne lata (2-4),powyżej 60 minut,Dom/mieszkanie rodzinne,Rodzina,3,3,3,4,3,4,1,6 - 9,raz w tygodniu,4,singiel/singielka,4,5,2,nie korzystam,6 - 9,3 - 5,1 - 2,co miesiąc,co miesiąc,co miesiąc,rzadziej lub nigdy,4,5 - 6,7 - 9,2,"4,5 - 5,0",15 - 20 godzin,0,"Rodzina (np. rodzice, opiekunowie)",do 1 000 zł,do 300 zł,5,Tak,Hybrydowa,do 10 godzin,Częściowo
18 - 20 lat,Kobieta,W13,Studia I stopnia - kolejne lata (2-4),16 - 30 minut,Mieszkanie wynajmowane pod studia,Współlokatorzy (wielu),4,2,3,4,2,5,1,3 - 5,codziennie,4,singiel/singielka,3,5,2,kilka razy w roku,3 - 5,10 i więcej,1 - 2,co miesiąc,rzadziej lub nigdy,co tydzień,co miesiąc,4,3 - 4,3 - 4,5,"4,0 - 4,49",11 - 15 godzin,0,"Rodzina (np. rodzice, opiekunowie)",2 000 - 3 000 zł,do 300 zł,4,Nie,,,
18 - 20 lat,Kobieta,W13,Studia I stopnia - kolejne lata (2-4),16 - 30 minut,Mieszkanie wynajmowane pod studia,Rodzina,1,2,3,2,1,2,1,1 - 2,wcale,2,singiel/singielka,4,4,2,nie korzystam,1 - 2,3 - 5,1 - 2,rzadziej lub nigdy,rzadziej lub nigdy,rzadziej lub nigdy,rzadziej lub nigdy,4,5 - 6,więcej niż 9,5,"3,5 - 3,99",7 - 11 godzin,0,"Rodzina (np. rodzice, opiekunowie)",2 000 - 3 000 zł,do 300 zł,5,Nie,,,
18 - 20 lat,Inna,W13,Studia I stopnia - 1. rok,powyżej 60 minut,Dom/mieszkanie rodzinne,Rodzina,3,2,3,4,2,4,4,3 - 5,raz w tygodniu,4,singiel/singielka,4,5,2,1-2 razy w roku,3 - 5,3 - 5,1 - 2,co tydzień,rzadziej lub nigdy,co miesiąc,rzadziej lub nigdy,4,5 - 6,więcej niż 9,4,Brak - w trakcie pierwszego semestru,7 - 11 godzin,1,"Rodzina (np. rodzice, opiekunowie)",do 1 000 zł,do 300 zł,3,Nie,,,
18 - 20 lat,Mężczyzna,W13,Studia I stopnia - kolejne lata (2-4),do 15 minut,Akademik publiczny,Współlokator (jeden),2,2,3,4,1,1,2,0,wcale,3,singiel/singielka,4,4,3,nie korzystam,3 - 5,3 - 5,3 - 5,rzadziej lub nigdy,rzadziej lub nigdy,rzadziej lub nigdy,rzadziej lub nigdy,5,5 - 6,więcej niż 9,2,"4,5 - 5,0",7 - 11 godzin,1,Inne źródła (np. oszczędności),do 1 000 zł,do 300 zł,4,Nie,,,
21 - 23 lata,Kobieta,W13,Ukończone studia I stopnia (licencjat/inżynier),16 - 30 minut,Mieszkanie wynajmowane pod studia,Współlokatorzy (wielu),5,4,5,5,4,4,4,6 - 9,kilka razy w tygodniu,5,w związku,5,2,5,nie korzystam,6 - 9,6 - 9,1 - 2,rzadziej lub nigdy,rzadziej lub nigdy,co tydzień,rzadziej lub nigdy,4,7 - 9,7 - 9,2,"4,0 - 4,49",3 - 6 godzin,0,"Rodzina (np. rodzice, opiekunowie)",2 000 - 3 000 zł,300 - 600 zł,5,Tak,Hybrydowa,powyżej 30 godzin,Częściowo
21 - 23 lata,Mężczyzna,W13,Studia I stopnia - kolejne lata (2-4),16 - 30 minut,Mieszkanie wynajmowane pod studia,Współlokatorzy (wielu),2,1,4,4,2,1,3,0,wcale,3,singiel/singielka,2,3,3,nie korzystam,0,3 - 5,1 - 2,co kilka dni,rzadziej lub nigdy,rzadziej lub nigdy,rzadziej lub nigdy,3,5 - 6,7 - 9,2,"3,5 - 3,99",7 - 11 godzin,1,Praca zarobkowa,2 000 - 3 000 zł,300 - 600 zł,5,Tak,Stacjonarna,21 - 30 godzin,Nie
18 - 20 lat,Mężczyzna,W13,Studia I stopnia - 1. rok,do 15 minut,Mieszkanie wynajmowane pod studia,Współlokatorzy (wielu),4,4,5,4,4,4,4,3 - 5,kilka razy w tygodniu,3,singiel/singielka,4,2,4,nie korzystam,3 - 5,3 - 5,1 - 2,co kilka dni,co kilka dni,co miesiąc,rzadziej lub nigdy,3,7 - 9,7 - 9,2,Brak - w trakcie pierwszego semestru,3 - 6 godzin,1,"Rodzina (np. rodzice, opiekunowie)",2 000 - 3 000 zł,300 - 600 zł,5,Nie,,,
21 - 23 lata,Mężczyzna,W13,Studia I stopnia - kolejne lata (2-4),16 - 30 minut,Mieszkanie wynajmowane pod studia,Współlokatorzy (wielu),4,2,2,5,3,3,2,3 - 5,kilka razy w tygodniu,3,singiel/singielka,3,3,4,nie korzystam,6 - 9,6 - 9,1 - 2,co tydzień,co tydzień,co miesiąc,rzadziej lub nigdy,4,7 - 9,7 - 9,2,"3,5 - 3,99",3 - 6 godzin,1,"Rodzina (np. rodzice, opiekunowie)",2 000 - 3 000 zł,300 - 600 zł,3,Tak,Zdalna,do 10 godzin,Tak
21 - 23 lata,Mężczyzna,W13,Studia I stopnia - kolejne lata (2-4),16 - 30 minut,Dom/mieszkanie rodzinne,Rodzina,2,5,3,3,1,4,1,3 - 5,raz w tygodniu,3,singiel/singielka,3,5,3,nie korzystam,3 - 5,6 - 9,1 - 2,co miesiąc,co tydzień,co miesiąc,codziennie,3,5 - 6,7 - 9,4,"4,0 - 4,49",7 - 11 godzin,0,"Rodzina (np. rodzice, opiekunowie)",1 000 - 2 000 zł,do 300 zł,3,Tak,Hybrydowa,do 10 godzin,Częściowo
18 - 20 lat,Kobieta,"W4, W13",Studia I stopnia - kolejne lata (2-4),16 - 30 minut,Akademik publiczny,Współlokatorzy (wielu),4,4,2,3,3,2,2,3 - 5,kilka razy w tygodniu,4,w związku,4,3,3,nie korzystam,3 - 5,3 - 5,1 - 2,co miesiąc,rzadziej lub nigdy,rzadziej lub nigdy,rzadziej lub nigdy,4,5 - 6,więcej niż 9,1,"4,5 - 5,0",11 - 15 godzin,0,Praca zarobkowa,2 000 - 3 000 zł,do 300 zł,2,Nie,,,
21 - 23 lata,Kobieta,W13,Studia I stopnia - 1. rok,16 - 30 minut,Mieszkanie wynajmowane pod studia,Współlokatorzy (wielu),4,3,3,2,4,3,3,3 - 5,raz w tygodniu,5,w związku,4,4,4,1-2 razy w roku,1 - 2,6 - 9,1 - 2,co kilka dni,co tydzień,rzadziej lub nigdy,codziennie,4,7 - 9,więcej niż 9,4,Brak - w trakcie pierwszego semestru,11 - 15 godzin,0,"Świadczenia publiczne lub prywatne (np. renta, alimenty)",2 000 - 3 000 zł,300 - 600 zł,2,Tak,Zdalna,do 10 godzin,Tak
18 - 20 lat,Mężczyzna,W13,Studia I stopnia - 1. rok,16 - 30 minut,Dom/mieszkanie rodzinne,Współlokator (jeden),4,4,3,4,4,4,3,3 - 5,raz w tygodniu,4,w związku,3,2,5,nie korzystam,1 - 2,6 - 9,1 - 2,co kilka dni,co tydzień,co tydzień,codziennie,2,7 - 9,7 - 9,2,Brak - w trakcie pierwszego semestru,15 - 20 godzin,0,"Świadczenia publiczne lub prywatne (np. renta, alimenty)",do 1 000 zł,300 - 600 zł,3,Nie,,,
18 - 20 lat,Mężczyzna,W13,Studia I stopnia - kolejne lata (2-4),do 15 minut,Mieszkanie wynajmowane pod studia,Współlokatorzy (wielu),4,4,4,4,3,4,3,3 - 5,raz w tygodniu,3,singiel/singielka,4,5,3,nie korzystam,0,3 - 5,1 - 2,rzadziej lub nigdy,rzadziej lub nigdy,rzadziej lub nigdy,rzadziej lub nigdy,3,7 - 9,7 - 9,4,"4,0 - 4,49",11 - 15 godzin,1,"Rodzina (np. rodzice, opiekunowie)",2 000 - 3 000 zł,300 - 600 zł,4,Nie,,,
18 - 20 lat,Mężczyzna,W13,Studia I stopnia - 1. rok,16 - 30 minut,Mieszkanie wynajmowane pod studia,Współlokator (jeden),2,1,4,2,1,5,3,10 i więcej,kilka razy w tygodniu,4,singiel/singielka,3,5,4,nie korzystam,0,6 - 9,3 - 5,co miesiąc,rzadziej lub nigdy,co kilka dni,codziennie,3,3 - 4,7 - 9,5,Brak - w trakcie pierwszego semestru,7 - 11 godzin,1,"Świadczenia publiczne lub prywatne (np. renta, alimenty)",2 000 - 3 000 zł,600 - 1 000 zł,4,Nie,,,
24 - 26 lat,Kobieta,W13,Ukończone studia I stopnia (licencjat/inżynier),16 - 30 minut,Mieszkanie wynajmowane pod studia,Mieszkam sam/a,2,3,3,2,4,5,2,3 - 5,raz w tygodniu,5,w związku,3,4,2,1-2 razy w roku,1 - 2,10 i więcej,1 - 2,co kilka dni,co miesiąc,co miesiąc,codziennie,3,5 - 6,więcej niż 9,4,"3,5 - 3,99",11 - 15 godzin,0,Praca zarobkowa,2 000 - 3 000 zł,600 - 1 000 zł,3,Tak,Zdalna,11 - 20 godzin,Częściowo
18 - 20 lat,Mężczyzna,W13,Studia I stopnia - 1. rok,31 - 45 minut,Dom/mieszkanie rodzinne,Rodzina,4,3,4,4,4,5,3,3 - 5,raz w tygodniu,4,w związku,4,2,4,nie korzystam,0,3 - 5,1 - 2,co kilka dni,rzadziej lub nigdy,co miesiąc,rzadziej lub nigdy,3,5 - 6,więcej niż 9,2,Brak - w trakcie pierwszego semestru,7 - 11 godzin,0,"Rodzina (np. rodzice, opiekunowie)",do 1 000 zł,do 300 zł,4,Nie,,,
21 - 23 lata,Mężczyzna,W10,Studia I stopnia - kolejne lata (2-4),16 - 30 minut,Dom/mieszkanie rodzinne,Mieszkam sam/a,4,2,4,3,4,4,4,3 - 5,raz w miesiącu,4,singiel/singielka,5,2,3,raz w miesiącu,6 - 9,6 - 9,0,rzadziej lub nigdy,co miesiąc,rzadziej lub nigdy,rzadziej lub nigdy,4,więcej niż 9,więcej niż 9,2,"4,5 - 5,0",0 - 2 godziny,0,"Rodzina (np. rodzice, opiekunowie)",1 000 - 2 000 zł,do 300 zł,4,Nie,,,
18 - 20 lat,Mężczyzna,W13,Studia I stopnia - kolejne lata (2-4),do 15 minut,Akademik publiczny,Współlokatorzy (wielu),5,4,2,5,4,4,2,3 - 5,kilka razy w tygodniu,2,singiel/singielka,3,4,2,raz w tygodniu,6 - 9,6 - 9,1 - 2,co miesiąc,rzadziej lub nigdy,co kilka dni,codziennie,5,5 - 6,5 - 6,3,"4,0 - 4,49",powyżej 20 godzin,0,"Rodzina (np. rodzice, opiekunowie)",2 000 - 3 000 zł,600 - 1 000 zł,2,Tak,Zdalna,do 10 godzin,Częściowo
18 - 20 lat,Kobieta,W13,Studia I stopnia - kolejne lata (2-4),do 15 minut,Mieszkanie wynajmowane pod studia,Współlokator (jeden),4,3,3,3,4,4,2,3 - 5,codziennie,5,w związku,5,3,4,nie korzystam,1 - 2,10 i więcej,3 - 5,co kilka dni,codziennie,co tydzień,co tydzień,3,7 - 9,więcej niż 9,1,"4,5 - 5,0",11 - 15 godzin,0,"Rodzina (np. rodzice, opiekunowie)",2 000 - 3 000 zł,do 300 zł,3,Nie,,,
18 - 20 lat,Kobieta,W13,Studia I stopnia - kolejne lata (2-4),16 - 30 minut,Dom/mieszkanie rodzinne,Rodzina,3,4,2,4,3,4,3,3 - 5,raz w miesiącu,4,w związku,5,4,4,nie korzystam,3 - 5,6 - 9,1 - 2,rzadziej lub nigdy,rzadziej lub nigdy,rzadziej lub nigdy,rzadziej lub nigdy,4,7 - 9,7 - 9,2,"4,5 - 5,0",powyżej 20 godzin,1,"Rodzina (np. rodzice, opiekunowie)",1 000 - 2 000 zł,do 300 zł,3,Nie,,,
27 lat i więcej,Inna,W7,Studia doktoranckie / doktor lub wyżej,powyżej 60 minut,Inne,Współlokatorzy (wielu),3,5,3,5,5,3,5,6 - 9,wcale,5,w związku małżeńskim,1,1,1,kilka razy w miesiącu,6 - 9,6 - 9,6 - 9,codziennie,co kilka dni,codziennie,codziennie,5,mniej niż 3,mniej niż 3,1,"powyżej 5,0",0 - 2 godziny,3 lub więcej,"Rodzina (np. rodzice, opiekunowie)",powyżej 4 000 zł,powyżej 1 500 zł,1,Nie,,,
21 - 23 lata,Mężczyzna,W13,Studia I stopnia - kolejne lata (2-4),do 15 minut,Mieszkanie wynajmowane pod studia,Współlokatorzy (wielu),1,1,2,2,1,2,1,3 - 5,rzadziej niż raz w miesiącu,2,singiel/singielka,2,5,1,nie korzystam,1 - 2,6 - 9,0,co tydzień,rzadziej lub nigdy,co miesiąc,rzadziej lub nigdy,2,5 - 6,7 - 9,5,"4,0 - 4,49",15 - 20 godzin,0,"Rodzina (np. rodzice, opiekunowie)",1 000 - 2 000 zł,do 300 zł,2,Nie,,,
18 - 20 lat,Mężczyzna,W13,Studia I stopnia - 1. rok,do 15 minut,Akademik publiczny,Współlokatorzy (wielu),5,2,4,5,5,4,1,3 - 5,kilka razy w tygodniu,4,singiel/singielka,3,1,3,nie korzystam,1 - 2,3 - 5,3 - 5,co kilka dni,co kilka dni,co miesiąc,codziennie,2,7 - 9,7 - 9,1,Brak - w trakcie pierwszego semestru,0 - 2 godziny,1,"Rodzina (np. rodzice, opiekunowie)",1 000 - 2 000 zł,600 - 1 000 zł,4,Nie,,,
21 - 23 lata,Mężczyzna,W13,Studia I stopnia - 1. rok,do 15 minut,Akademik publiczny,Współlokatorzy (wielu),4,3,3,3,4,4,4,3 - 5,codziennie,4,singiel/singielka,3,3,4,nie korzystam,1 - 2,3 - 5,3 - 5,co tydzień,rzadziej lub nigdy,rzadziej lub nigdy,rzadziej lub nigdy,3,5 - 6,7 - 9,2,Brak - w trakcie pierwszego semestru,0 - 2 godziny,1,"Rodzina (np. rodzice, opiekunowie)",1 000 - 2 000 zł,300 - 600 zł,3,Nie,,,
18 - 20 lat,Kobieta,W13,Studia I stopnia - 1. rok,do 15 minut,Mieszkanie wynajmowane pod studia,Współlokatorzy (wielu),4,2,2,2,4,4,4,3 - 5,kilka razy w tygodniu,4,w związku,2,3,2,nie korzystam,0,3 - 5,1 - 2,co tydzień,rzadziej lub nigdy,rzadziej lub nigdy,rzadziej lub nigdy,3,7 - 9,7 - 9,4,Brak - w trakcie pierwszego semestru,11 - 15 godzin,1,"Rodzina (np. rodzice, opiekunowie)",2 000 - 3 000 zł,do 300 zł,4,Nie,,,
18 - 20 lat,Mężczyzna,W13,Studia I stopnia - kolejne lata (2-4),do 15 minut,Mieszkanie wynajmowane pod studia,Współlokator (jeden),3,2,3,5,2,2,2,1 - 2,raz w tygodniu,2,singiel/singielka,1,2,2,nie korzystam,6 - 9,6 - 9,1 - 2,rzadziej lub nigdy,co miesiąc,rzadziej lub nigdy,rzadziej lub nigdy,4,7 - 9,więcej niż 9,2,"3,5 - 3,99",7 - 11 godzin,0,"Rodzina (np. rodzice, opiekunowie)",1 000 - 2 000 zł,300 - 600 zł,3,Nie,,,
18 - 20 lat,Kobieta,W13,Studia I stopnia - 1. rok,do 15 minut,Akademik publiczny,Współlokator (jeden),4,3,4,4,4,3,4,10 i więcej,kilka razy w tygodniu,5,singiel/singielka,3,2,3,nie korzystam,0,3 - 5,1 - 2,co kilka dni,rzadziej lub nigdy,co tydzień,rzadziej lub nigdy,4,7 - 9,więcej niż 9,1,Brak - w trakcie pierwszego semestru,7 - 11 godzin,0,"Rodzina (np. rodzice, opiekunowie)",2 000 - 3 000 zł,1 000 - 1 500 zł,4,Nie,,,
21 - 23 lata,Kobieta,W13,Studia I stopnia - kolejne lata (2-4),16 - 30 minut,Dom/mieszkanie rodzinne,Rodzina,5,5,3,2,3,4,4,3 - 5,raz w tygodniu,4,singiel/singielka,4,3,4,1-2 razy w roku,1 - 2,3 - 5,1 - 2,co miesiąc,rzadziej lub nigdy,co miesiąc,co kilka dni,4,7 - 9,7 - 9,3,"powyżej 5,0",15 - 20 godzin,1,"Stypendia (socjalne, naukowe lub inne)",do 1 000 zł,do 300 zł,4,Nie,,,
18 - 20 lat,Mężczyzna,W4,Studia I stopnia - 1. rok,do 15 minut,Mieszkanie wynajmowane pod studia,Współlokatorzy (wielu),4,3,4,4,2,3,3,1 - 2,raz w miesiącu,3,singiel/singielka,3,4,2,nie korzystam,0,6 - 9,1 - 2,rzadziej lub nigdy,rzadziej lub nigdy,co miesiąc,rzadziej lub nigdy,4,5 - 6,5 - 6,4,Brak - w trakcie pierwszego semestru,11 - 15 godzin,1,"Rodzina (np. rodzice, opiekunowie)",do 1 000 zł,do 300 zł,4,Nie,,,
21 - 23 lata,Mężczyzna,W4,Studia I stopnia - 1. rok,16 - 30 minut,Akademik publiczny,Współlokatorzy (wielu),4,4,2,3,2,2,4,1 - 2,raz w tygodniu,3,singiel/singielka,2,3,5,kilka razy w miesiącu,1 - 2,10 i więcej,1 - 2,co kilka dni,rzadziej lub nigdy,co kilka dni,rzadziej lub nigdy,3,5 - 6,7 - 9,1,Brak - w trakcie pierwszego semestru,7 - 11 godzin,1,"Rodzina (np. rodzice, opiekunowie)",1 000 - 2 000 zł,do 300 zł,3,Nie,,,
18 - 20 lat,Mężczyzna,W4,Studia I stopnia - kolejne lata (2-4),do 15 minut,Akademik publiczny,Współlokator (jeden),3,2,1,3,3,3,4,3 - 5,raz w tygodniu,2,singiel/singielka,2,3,4,1-2 razy w roku,3 - 5,6 - 9,1 - 2,co miesiąc,rzadziej lub nigdy,co miesiąc,rzadziej lub nigdy,3,7 - 9,7 - 9,1,"4,0 - 4,49",3 - 6 godzin,3 lub więcej,"Rodzina (np. rodzice, opiekunowie)",1 000 - 2 000 zł,300 - 600 zł,2,Nie,,,
21 - 23 lata,Kobieta,W4,Studia I stopnia - kolejne lata (2-4),do 15 minut,Mieszkanie wynajmowane pod studia,Współlokatorzy (wielu),3,2,3,3,3,4,1,6 - 9,raz w tygodniu,4,zaręczony/zaręczona,4,5,2,raz w tygodniu,3 - 5,10 i więcej,1 - 2,co tydzień,rzadziej lub nigdy,co tydzień,rzadziej lub nigdy,3,5 - 6,7 - 9,2,"powyżej 5,0",11 - 15 godzin,1,"Rodzina (np. rodzice, opiekunowie)",1 000 - 2 000 zł,600 - 1 000 zł,4,Tak,Hybrydowa,11 - 20 godzin,Tak
18 - 20 lat,Mężczyzna,W4,Studia I stopnia - 1. rok,do 15 minut,Dom/mieszkanie rodzinne,Mieszkam sam/a,4,4,3,4,3,3,2,6 - 9,kilka razy w tygodniu,5,singiel/singielka,5,4,4,nie korzystam,3 - 5,6 - 9,1 - 2,rzadziej lub nigdy,rzadziej lub nigdy,rzadziej lub nigdy,rzadziej lub nigdy,5,5 - 6,7 - 9,3,"4,0 - 4,49",15 - 20 godzin,2,"Rodzina (np. rodzice, opiekunowie)",1 000 - 2 000 zł,600 - 1 000 zł,4,Nie,,,
18 - 20 lat,Mężczyzna,W4,Studia I stopnia - kolejne lata (2-4),do 15 minut,Mieszkanie wynajmowane pod studia,Współlokatorzy (wielu),5,5,5,5,5,5,5,0,wcale,1,w związku małżeńskim,1,1,1,raz w tygodniu,10 i więcej,10 i więcej,10 i więcej,codziennie,codziennie,codziennie,codziennie,5,mniej niż 3,mniej niż 3,1,"poniżej 3,5",powyżej 20 godzin,3 lub więcej,"Świadczenia publiczne lub prywatne (np. renta, alimenty)",powyżej 4 000 zł,powyżej 1 500 zł,1,Nie,,,
18 - 20 lat,Mężczyzna,W4,Studia I stopnia - kolejne lata (2-4),do 15 minut,Akademik publiczny,Współlokatorzy (wielu),3,3,2,4,4,3,4,1 - 2,raz w miesiącu,4,singiel/singielka,4,2,4,nie korzystam,6 - 9,3 - 5,3 - 5,co tydzień,rzadziej lub nigdy,rzadziej lub nigdy,rzadziej lub nigdy,3,7 - 9,więcej niż 9,2,"4,0 - 4,49",7 - 11 godzin,1,"Rodzina (np. rodzice, opiekunowie)",2 000 - 3 000 zł,300 - 600 zł,3,Nie,,,
18 - 20 lat,Kobieta,W11,Studia I stopnia - kolejne lata (2-4),31 - 45 minut,Mieszkanie wynajmowane pod studia,Mieszkam sam/a,4,2,3,4,2,4,4,3 - 5,raz w miesiącu,4,singiel/singielka,3,5,3,nie korzystam,1 - 2,6 - 9,3 - 5,co miesiąc,rzadziej lub nigdy,co tydzień,co miesiąc,4,5 - 6,7 - 9,3,"4,0 - 4,49",15 - 20 godzin,1,"Rodzina (np. rodzice, opiekunowie)",1 000 - 2 000 zł,do 300 zł,4,Tak,Stacjonarna,11 - 20 godzin,Nie
18 - 20 lat,Kobieta,W4,Studia I stopnia - kolejne lata (2-4),do 15 minut,Mieszkanie wynajmowane pod studia,Współlokatorzy (wielu),4,2,1,3,1,2,1,1 - 2,raz w tygodniu,3,singiel/singielka,2,4,4,nie korzystam,3 - 5,10 i więcej,1 - 2,rzadziej lub nigdy,rzadziej lub nigdy,rzadziej lub nigdy,rzadziej lub nigdy,4,7 - 9,więcej niż 9,3,"3,5 - 3,99",powyżej 20 godzin,1,"Rodzina (np. rodzice, opiekunowie)",1 000 - 2 000 zł,do 300 zł,1,Nie,,,
21 - 23 lata,Kobieta,W4,Studia II stopnia lub ukończone studia II stopnia (magister),31 - 45 minut,Dom/mieszkanie rodzinne,Mieszkam sam/a,4,2,4,3,2,2,2,3 - 5,kilka razy w tygodniu,4,singiel/singielka,4,5,3,nie chcę odpowiadać,1 - 2,6 - 9,1 - 2,co miesiąc,rzadziej lub nigdy,co miesiąc,rzadziej lub nigdy,3,5 - 6,więcej niż 9,2,"4,5 - 5,0",7 - 11 godzin,1,Praca zarobkowa,1 000 - 2 000 zł,300 - 600 zł,4,Tak,Hybrydowa,powyżej 30 godzin,Tak
21 - 23 lata,Mężczyzna,W11,Studia I stopnia - kolejne lata (2-4),do 15 minut,Mieszkanie wynajmowane pod studia,Współlokatorzy (wielu),5,3,4,3,4,5,4,6 - 9,raz w tygodniu,5,w związku,5,3,3,nie korzystam,1 - 2,6 - 9,1 - 2,co kilka dni,co miesiąc,co tydzień,rzadziej lub nigdy,3,5 - 6,więcej niż 9,2,"4,0 - 4,49",15 - 20 godzin,0,"Rodzina (np. rodzice, opiekunowie)",1 000 - 2 000 zł,300 - 600 zł,4,Nie,,,
18 - 20 lat,Kobieta,W11,Studia I stopnia - kolejne lata (2-4),do 15 minut,Mieszkanie wynajmowane pod studia,Współlokatorzy (wielu),4,3,3,4,3,3,3,3 - 5,kilka razy w tygodniu,4,singiel/singielka,5,3,3,nie korzystam,3 - 5,6 - 9,1 - 2,rzadziej lub nigdy,co miesiąc,co miesiąc,rzadziej lub nigdy,4,5 - 6,7 - 9,2,"4,5 - 5,0",11 - 15 godzin,2,"Rodzina (np. rodzice, opiekunowie)",1 000 - 2 000 zł,300 - 600 zł,5,Tak,Hybrydowa,11 - 20 godzin,Nie
18 - 20 lat,Kobieta,W4,Studia I stopnia - kolejne lata (2-4),do 15 minut,Akademik publiczny,Współlokator (jeden),5,4,5,5,5,4,3,3 - 5,raz w tygodniu,4,singiel/singielka,5,3,3,nie korzystam,10 i więcej,10 i więcej,6 - 9,co miesiąc,rzadziej lub nigdy,rzadziej lub nigdy,rzadziej lub nigdy,4,7 - 9,7 - 9,2,"4,5 - 5,0",11 - 15 godzin,1,"Rodzina (np. rodzice, opiekunowie)",1 000 - 2 000 zł,300 - 600 zł,4,Nie,,,
21 - 23 lata,Mężczyzna,W4,Studia I stopnia - kolejne lata (2-4),do 15 minut,Akademik publiczny,Współlokator (jeden),3,3,5,4,2,2,3,1 - 2,raz w miesiącu,2,w związku,5,4,4,nie korzystam,6 - 9,10 i więcej,3 - 5,co miesiąc,rzadziej lub nigdy,rzadziej lub nigdy,rzadziej lub nigdy,3,7 - 9,7 - 9,3,"4,5 - 5,0",11 - 15 godzin,0,Praca zarobkowa,3 000 - 4 000 zł,300 - 600 zł,5,Tak,Zdalna,21 - 30 godzin,Tak
21 - 23 lata,Kobieta,W4,Studia I stopnia - kolejne lata (2-4),do 15 minut,Mieszkanie wynajmowane pod studia,Współlokatorzy (wielu),4,3,3,2,2,3,1,1 - 2,kilka razy w tygodniu,4,singiel/singielka,3,4,3,nie korzystam,1 - 2,3 - 5,3 - 5,co kilka dni,rzadziej lub nigdy,rzadziej lub nigdy,rzadziej lub nigdy,2,3 - 4,7 - 9,3,"4,0 - 4,49",powyżej 20 godzin,1,"Rodzina (np. rodzice, opiekunowie)",1 000 - 2 000 zł,do 300 zł,3,Nie,,,
18 - 20 lat,Mężczyzna,W4,Studia I stopnia - kolejne lata (2-4),46 - 60 minut,Dom/mieszkanie rodzinne,Rodzina,3,2,4,4,3,2,2,3 - 5,raz w tygodniu,3,singiel/singielka,5,3,3,nie korzystam,3 - 5,6 - 9,3 - 5,co tydzień,rzadziej lub nigdy,co miesiąc,rzadziej lub nigdy,4,5 - 6,7 - 9,3,"4,5 - 5,0",7 - 11 godzin,0,"Rodzina (np. rodzice, opiekunowie)",do 1 000 zł,do 300 zł,5,Tak,Zdalna,11 - 20 godzin,Nie
18 - 20 lat,Kobieta,W13,Studia I stopnia - kolejne lata (2-4),do 15 minut,Mieszkanie wynajmowane pod studia,Współlokator (jeden),2,1,3,3,2,4,2,1 - 2,rzadziej niż raz w miesiącu,4,w związku,3,3,1,nie korzystam,1 - 2,6 - 9,1 - 2,co kilka dni,co tydzień,co miesiąc,rzadziej lub nigdy,2,5 - 6,7 - 9,1,"poniżej 3,5",0 - 2 godziny,0,"Rodzina (np. rodzice, opiekunowie)",1 000 - 2 000 zł,do 300 zł,5,Nie,,,
21 - 23 lata,Mężczyzna,W4,Studia II stopnia lub ukończone studia II stopnia (magister),31 - 45 minut,Dom/mieszkanie rodzinne,Rodzina,3,4,3,3,1,2,1,1 - 2,kilka razy w tygodniu,4,singiel/singielka,2,5,3,nie korzystam,1 - 2,6 - 9,1 - 2,co tydzień,rzadziej lub nigdy,co miesiąc,rzadziej lub nigdy,3,7 - 9,7 - 9,4,"powyżej 5,0",7 - 11 godzin,0,"Rodzina (np. rodzice, opiekunowie)",do 1 000 zł,do 300 zł,4,Nie,,,
21 - 23 lata,Mężczyzna,W4,Studia I stopnia - kolejne lata (2-4),31 - 45 minut,Dom/mieszkanie rodzinne,Rodzina,3,4,4,3,1,2,2,1 - 2,raz w tygodniu,2,singiel/singielka,3,5,3,nie korzystam,3 - 5,3 - 5,1 - 2,rzadziej lub nigdy,rzadziej lub nigdy,rzadziej lub nigdy,rzadziej lub nigdy,3,7 - 9,więcej niż 9,2,"4,0 - 4,49",11 - 15 godzin,0,"Rodzina (np. rodzice, opiekunowie)",1 000 - 2 000 zł,do 300 zł,4,Tak,Stacjonarna,11 - 20 godzin,Częściowo
21 - 23 lata,Kobieta,"W4, W8",Studia I stopnia - kolejne lata (2-4),do 15 minut,Mieszkanie wynajmowane pod studia,Współlokator (jeden),4,2,3,2,4,4,3,3 - 5,raz w miesiącu,3,singiel/singielka,4,4,4,nie korzystam,1 - 2,10 i więcej,3 - 5,co kilka dni,co kilka dni,co tydzień,rzadziej lub nigdy,1,5 - 6,7 - 9,3,"4,0 - 4,49",3 - 6 godzin,3 lub więcej,"Rodzina (np. rodzice, opiekunowie)",2 000 - 3 000 zł,300 - 600 zł,3,Nie,,,
21 - 23 lata,Kobieta,W4,Studia II stopnia lub ukończone studia II stopnia (magister),16 - 30 minut,Dom/mieszkanie rodzinne,Rodzina,4,3,4,3,3,4,3,1 - 2,rzadziej niż raz w miesiącu,5,inne/nie chce podawać,5,4,3,nie korzystam,1 - 2,10 i więcej,1 - 2,co tydzień,rzadziej lub nigdy,rzadziej lub nigdy,rzadziej lub nigdy,4,5 - 6,więcej niż 9,3,"4,5 - 5,0",powyżej 20 godzin,2,Praca zarobkowa,1 000 - 2 000 zł,300 - 600 zł,5,Tak,Zdalna,21 - 30 godzin,Tak
21 - 23 lata,Kobieta,W11,Studia II stopnia lub ukończone studia II stopnia (magister),16 - 30 minut,Mieszkanie wynajmowane pod studia,Współlokatorzy (wielu),4,2,5,5,4,5,2,10 i więcej,codziennie,5,singiel/singielka,4,3,4,nie korzystam,3 - 5,6 - 9,1 - 2,co kilka dni,rzadziej lub nigdy,co miesiąc,rzadziej lub nigdy,3,5 - 6,7 - 9,4,"powyżej 5,0",15 - 20 godzin,0,"Rodzina (np. rodzice, opiekunowie)",1 000 - 2 000 zł,do 300 zł,5,Tak,Stacjonarna,11 - 20 godzin,Tak
24 - 26 lat,Kobieta,W10,Studia II stopnia lub ukończone studia II stopnia (magister),31 - 45 minut,Dom/mieszkanie rodzinne,Rodzina,2,1,1,2,1,1,1,3 - 5,rzadziej niż raz w miesiącu,2,singiel/singielka,3,5,2,nie korzystam,1 - 2,6 - 9,3 - 5,co miesiąc,co kilka dni,rzadziej lub nigdy,rzadziej lub nigdy,2,5 - 6,5 - 6,4,"4,5 - 5,0",11 - 15 godzin,0,"Rodzina (np. rodzice, opiekunowie)",do 1 000 zł,600 - 1 000 zł,3,Tak,Stacjonarna,11 - 20 godzin,Nie
21 - 23 lata,Mężczyzna,W4,Studia I stopnia - kolejne lata (2-4),16 - 30 minut,Mieszkanie wynajmowane pod studia,Mieszkam sam/a,2,5,4,5,1,2,5,1 - 2,raz w tygodniu,4,w związku,1,4,4,nie korzystam,1 - 2,6 - 9,3 - 5,co tydzień,co miesiąc,co tydzień,rzadziej lub nigdy,4,7 - 9,7 - 9,5,"4,0 - 4,49",7 - 11 godzin,2,Praca zarobkowa,2 000 - 3 000 zł,300 - 600 zł,5,Tak,Stacjonarna,do 10 godzin,Nie
18 - 20 lat,Mężczyzna,W6,Studia I stopnia - 1. rok,16 - 30 minut,Akademik publiczny,Współlokator (jeden),4,4,3,4,4,4,3,1 - 2,raz w miesiącu,3,singiel/singielka,4,2,5,nie korzystam,6 - 9,6 - 9,1 - 2,rzadziej lub nigdy,rzadziej lub nigdy,rzadziej lub nigdy,rzadziej lub nigdy,5,5 - 6,7 - 9,1,Brak - w trakcie pierwszego semestru,7 - 11 godzin,0,"Rodzina (np. rodzice, opiekunowie)",1 000 - 2 000 zł,do 300 zł,3,Nie,,,
18 - 20 lat,Kobieta,W14,Studia I stopnia - 1. rok,16 - 30 minut,Akademik publiczny,Współlokator (jeden),3,4,3,3,2,5,2,3 - 5,kilka razy w tygodniu,5,w związku,3,2,1,nie korzystam,3 - 5,6 - 9,1 - 2,co miesiąc,co tydzień,rzadziej lub nigdy,rzadziej lub nigdy,3,5 - 6,więcej niż 9,5,Brak - w trakcie pierwszego semestru,15 - 20 godzin,0,"Rodzina (np. rodzice, opiekunowie)",1 000 - 2 000 zł,300 - 600 zł,3,Tak,Stacjonarna,do 10 godzin,Częściowo
18 - 20 lat,Mężczyzna,W4,Studia I stopnia - 1. rok,16 - 30 minut,Mieszkanie wynajmowane pod studia,Współlokatorzy (wielu),5,4,4,5,5,5,3,1 - 2,rzadziej niż raz w miesiącu,5,w związku,5,1,4,nie korzystam,0,10 i więcej,10 i więcej,rzadziej lub nigdy,rzadziej lub nigdy,rzadziej lub nigdy,rzadziej lub nigdy,2,7 - 9,więcej niż 9,1,Brak - w trakcie pierwszego semestru,11 - 15 godzin,0,"Rodzina (np. rodzice, opiekunowie)",1 000 - 2 000 zł,do 300 zł,4,Nie,,,
21 - 23 lata,Kobieta,W13,Studia I stopnia - kolejne lata (2-4),16 - 30 minut,Dom/mieszkanie rodzinne,Rodzina,4,3,4,5,4,4,3,3 - 5,kilka razy w tygodniu,5,singiel/singielka,5,3,2,raz w tygodniu,6 - 9,6 - 9,1 - 2,co kilka dni,rzadziej lub nigdy,rzadziej lub nigdy,rzadziej lub nigdy,3,7 - 9,więcej niż 9,1,"4,0 - 4,49",11 - 15 godzin,0,"Rodzina (np. rodzice, opiekunowie)",do 1 000 zł,300 - 600 zł,4,Tak,Stacjonarna,do 10 godzin,Częściowo
18 - 20 lat,Mężczyzna,W4,Studia I stopnia - 1. rok,do 15 minut,Dom/mieszkanie rodzinne,Mieszkam sam/a,4,2,4,4,4,3,4,1 - 2,kilka razy w tygodniu,4,singiel/singielka,3,4,4,nie korzystam,3 - 5,6 - 9,1 - 2,co kilka dni,co miesiąc,co tydzień,rzadziej lub nigdy,3,5 - 6,więcej niż 9,5,"3,5 - 3,99",7 - 11 godzin,2,"Rodzina (np. rodzice, opiekunowie)",1 000 - 2 000 zł,600 - 1 000 zł,4,Nie,,,
21 - 23 lata,Kobieta,W8,Studia I stopnia - 1. rok,31 - 45 minut,Mieszkanie wynajmowane pod studia,Współlokator (jeden),3,2,2,1,2,4,2,3 - 5,raz w miesiącu,4,zaręczony/zaręczona,4,4,3,nie korzystam,1 - 2,3 - 5,1 - 2,co miesiąc,rzadziej lub nigdy,rzadziej lub nigdy,rzadziej lub nigdy,3,7 - 9,7 - 9,3,"3,5 - 3,99",3 - 6 godzin,0,"Rodzina (np. rodzice, opiekunowie)",2 000 - 3 000 zł,do 300 zł,4,Nie,,,
24 - 26 lat,Mężczyzna,W5,Studia I stopnia - kolejne lata (2-4),16 - 30 minut,Mieszkanie wynajmowane pod studia,Współlokatorzy (wielu),2,3,3,5,2,1,5,1 - 2,rzadziej niż raz w miesiącu,2,singiel/singielka,4,2,4,nie korzystam,3 - 5,6 - 9,1 - 2,co miesiąc,co miesiąc,co miesiąc,rzadziej lub nigdy,4,7 - 9,7 - 9,2,"3,5 - 3,99",3 - 6 godzin,0,"Rodzina (np. rodzice, opiekunowie)",1 000 - 2 000 zł,do 300 zł,2,Nie,,,
18 - 20 lat,Kobieta,W2,Studia I stopnia - kolejne lata (2-4),16 - 30 minut,Dom/mieszkanie rodzinne,Mieszkam sam/a,3,2,3,3,2,5,3,3 - 5,codziennie,4,w związku,4,5,3,nie korzystam,0,6 - 9,6 - 9,co kilka dni,codziennie,co tydzień,codziennie,2,5 - 6,więcej niż 9,3,"poniżej 3,5",11 - 15 godzin,1,"Rodzina (np. rodzice, opiekunowie)",2 000 - 3 000 zł,600 - 1 000 zł,4,Nie,,,
18 - 20 lat,Kobieta,W9,Studia I stopnia - 1. rok,16 - 30 minut,Mieszkanie wynajmowane pod studia,Współlokatorzy (wielu),4,4,5,5,3,2,3,1 - 2,kilka razy w tygodniu,3,singiel/singielka,5,5,3,nie korzystam,3 - 5,6 - 9,1 - 2,rzadziej lub nigdy,co kilka dni,rzadziej lub nigdy,rzadziej lub nigdy,3,5 - 6,więcej niż 9,1,Brak - w trakcie pierwszego semestru,15 - 20 godzin,0,"Rodzina (np. rodzice, opiekunowie)",1 000 - 2 000 zł,300 - 600 zł,5,Nie,,,
21 - 23 lata,Mężczyzna,W4,Studia I stopnia - kolejne lata (2-4),16 - 30 minut,Dom/mieszkanie rodzinne,Rodzina,4,2,4,4,3,1,1,10 i więcej,raz w tygodniu,3,singiel/singielka,4,5,3,nie korzystam,0,10 i więcej,0,rzadziej lub nigdy,rzadziej lub nigdy,co kilka dni,rzadziej lub nigdy,5,więcej niż 9,więcej niż 9,1,"4,0 - 4,49",7 - 11 godzin,1,"Rodzina (np. rodzice, opiekunowie)",do 1 000 zł,300 - 600 zł,5,Nie,,,
24 - 26 lat,Mężczyzna,W3,Studia II stopnia lub ukończone studia II stopnia (magister),do 15 minut,Mieszkanie wynajmowane pod studia,Współlokatorzy (wielu),3,3,4,5,3,2,3,3 - 5,rzadziej niż raz w miesiącu,3,singiel/singielka,4,4,3,kilka razy w roku,1 - 2,6 - 9,1 - 2,co tydzień,rzadziej lub nigdy,co tydzień,codziennie,4,7 - 9,7 - 9,3,"4,5 - 5,0",3 - 6 godzin,0,"Rodzina (np. rodzice, opiekunowie)",2 000 - 3 000 zł,300 - 600 zł,5,Tak,Stacjonarna,11 - 20 godzin,Tak
18 - 20 lat,Wolę nie odpowiadać,W11,Studia I stopnia - kolejne lata (2-4),powyżej 60 minut,Dom/mieszkanie rodzinne,Rodzina,3,1,4,2,3,3,2,3 - 5,raz w miesiącu,2,singiel/singielka,3,4,2,nie korzystam,0,3 - 5,0,co tydzień,rzadziej lub nigdy,rzadziej lub nigdy,rzadziej lub nigdy,3,5 - 6,7 - 9,4,"4,5 - 5,0",7 - 11 godzin,2,"Rodzina (np. rodzice, opiekunowie)",do 1 000 zł,do 300 zł,5,Nie,,,
21 - 23 lata,Mężczyzna,W10,Ukończone studia I stopnia (licencjat/inżynier),46 - 60 minut,Dom/mieszkanie rodzinne,Rodzina,3,3,4,3,4,3,2,1 - 2,raz w tygodniu,3,singiel/singielka,4,1,3,nie korzystam,3 - 5,6 - 9,3 - 5,co tydzień,co tydzień,co miesiąc,rzadziej lub nigdy,4,7 - 9,7 - 9,1,"4,5 - 5,0",15 - 20 godzin,0,"Rodzina (np. rodzice, opiekunowie)",do 1 000 zł,do 300 zł,5,Tak,Stacjonarna,11 - 20 godzin,Tak
21 - 23 lata,Mężczyzna,W10,Studia I stopnia - kolejne lata (2-4),16 - 30 minut,Mieszkanie wynajmowane pod studia,Współlokatorzy (wielu),3,2,4,2,4,1,2,0,rzadziej niż raz w miesiącu,3,singiel/singielka,5,2,4,nie korzystam,0,10 i więcej,1 - 2,rzadziej lub nigdy,co miesiąc,co miesiąc,rzadziej lub nigdy,4,5 - 6,7 - 9,1,"3,5 - 3,99",11 - 15 godzin,0,Praca zarobkowa,1 000 - 2 000 zł,do 300 zł,4,Nie,,,
24 - 26 lat,Kobieta,W9,Studia I stopnia - kolejne lata (2-4),16 - 30 minut,Akademik publiczny,Współlokator (jeden),3,1,2,3,1,1,2,0,wcale,1,singiel/singielka,2,5,2,raz w miesiącu,1 - 2,6 - 9,1 - 2,co miesiąc,rzadziej lub nigdy,rzadziej lub nigdy,rzadziej lub nigdy,4,5 - 6,7 - 9,2,"poniżej 3,5",0 - 2 godziny,0,"Rodzina (np. rodzice, opiekunowie)",2 000 - 3 000 zł,300 - 600 zł,1,Nie,,,
18 - 20 lat,Kobieta,W9,Studia I stopnia - kolejne lata (2-4),do 15 minut,Mieszkanie wynajmowane pod studia,Współlokatorzy (wielu),4,3,5,5,4,4,5,3 - 5,codziennie,5,w związku,2,4,4,nie korzystam,1 - 2,6 - 9,3 - 5,rzadziej lub nigdy,rzadziej lub nigdy,nie chcę odpowiadać,rzadziej lub nigdy,4,7 - 9,7 - 9,2,"3,5 - 3,99",11 - 15 godzin,2,"Rodzina (np. rodzice, opiekunowie)",2 000 - 3 000 zł,300 - 600 zł,5,Tak,Stacjonarna,11 - 20 godzin,Nie
18 - 20 lat,Mężczyzna,W2,Studia I stopnia - 1. rok,16 - 30 minut,Mieszkanie wynajmowane pod studia,Współlokator (jeden),3,2,3,3,3,2,2,3 - 5,kilka razy w tygodniu,4,w związku,3,2,3,nie korzystam,3 - 5,3 - 5,1 - 2,co tydzień,co miesiąc,co miesiąc,rzadziej lub nigdy,4,5 - 6,7 - 9,1,Brak - w trakcie pierwszego semestru,0 - 2 godziny,0,"Rodzina (np. rodzice, opiekunowie)",2 000 - 3 000 zł,do 300 zł,3,Nie,,,
18 - 20 lat,Kobieta,W2,Studia I stopnia - 1. rok,16 - 30 minut,Mieszkanie wynajmowane pod studia,Współlokatorzy (wielu),3,4,2,5,2,3,1,1 - 2,rzadziej niż raz w miesiącu,2,singiel/singielka,1,5,3,nie korzystam,3 - 5,3 - 5,1 - 2,rzadziej lub nigdy,rzadziej lub nigdy,rzadziej lub nigdy,rzadziej lub nigdy,5,5 - 6,7 - 9,3,Brak - w trakcie pierwszego semestru,powyżej 20 godzin,1,"Rodzina (np. rodzice, opiekunowie)",1 000 - 2 000 zł,do 300 zł,2,Nie,,,
21 - 23 lata,Mężczyzna,W4,Ukończone studia I stopnia (licencjat/inżynier),31 - 45 minut,Mieszkanie wynajmowane pod studia,Współlokatorzy (wielu),2,2,2,2,2,1,1,3 - 5,raz w miesiącu,1,singiel/singielka,2,5,2,raz w miesiącu,3 - 5,10 i więcej,1 - 2,co kilka dni,rzadziej lub nigdy,co miesiąc,rzadziej lub nigdy,3,7 - 9,więcej niż 9,4,"3,5 - 3,99",powyżej 20 godzin,0,"Rodzina (np. rodzice, opiekunowie)",1 000 - 2 000 zł,300 - 600 zł,2,Tak,Hybrydowa,21 - 30 godzin,Nie
21 - 23 lata,Mężczyzna,W13,Studia I stopnia - kolejne lata (2-4),do 15 minut,Mieszkanie wynajmowane pod studia,Współlokatorzy (wielu),2,1,2,3,3,3,2,1 - 2,wcale,3,singiel/singielka,4,2,2,nie korzystam,0,10 i więcej,3 - 5,co tydzień,rzadziej lub nigdy,rzadziej lub nigdy,rzadziej lub nigdy,2,7 - 9,7 - 9,2,"4,0 - 4,49",15 - 20 godzin,1,"Rodzina (np. rodzice, opiekunowie)",2 000 - 3 000 zł,300 - 600 zł,2,Tak,Stacjonarna,11 - 20 godzin,Nie
18 - 20 lat,Mężczyzna,W6,Studia I stopnia - 1. rok,31 - 45 minut,Dom/mieszkanie rodzinne,Rodzina,5,4,5,4,4,4,5,0,kilka razy w tygodniu,3,singiel/singielka,5,3,4,nie korzystam,6 - 9,3 - 5,1 - 2,co miesiąc,rzadziej lub nigdy,rzadziej lub nigdy,rzadziej lub nigdy,4,7 - 9,7 - 9,1,Brak - w trakcie pierwszego semestru,7 - 11 godzin,0,"Rodzina (np. rodzice, opiekunowie)",do 1 000 zł,do 300 zł,5,Tak,Stacjonarna,do 10 godzin,Nie
24 - 26 lat,Kobieta,W3,Studia II stopnia lub ukończone studia II stopnia (magister),16 - 30 minut,Dom/mieszkanie rodzinne,Rodzina,1,2,2,1,1,3,3,1 - 2,kilka razy w tygodniu,4,inne/nie chce podawać,3,5,2,nie korzystam,1 - 2,6 - 9,1 - 2,codziennie,co miesiąc,co miesiąc,rzadziej lub nigdy,1,5 - 6,więcej niż 9,5,"4,0 - 4,49",7 - 11 godzin,0,"Rodzina (np. rodzice, opiekunowie)",do 1 000 zł,300 - 600 zł,3,Nie,,,
18 - 20 lat,Mężczyzna,W4,Studia I stopnia - kolejne lata (2-4),do 15 minut,Mieszkanie wynajmowane pod studia,Współlokatorzy (wielu),2,2,2,4,2,1,1,3 - 5,kilka razy w tygodniu,3,singiel/singielka,2,4,2,nie korzystam,3 - 5,3 - 5,1 - 2,co miesiąc,co kilka dni,co tydzień,co miesiąc,4,7 - 9,więcej niż 9,5,"4,0 - 4,49",3 - 6 godzin,0,"Rodzina (np. rodzice, opiekunowie)",1 000 - 2 000 zł,300 - 600 zł,3,Nie,,,
18 - 20 lat,Kobieta,W3,Studia I stopnia - 1. rok,46 - 60 minut,Dom/mieszkanie rodzinne,Rodzina,1,2,3,1,1,3,1,3 - 5,rzadziej niż raz w miesiącu,3,singiel/singielka,4,4,2,nie korzystam,0,6 - 9,1 - 2,co miesiąc,rzadziej lub nigdy,rzadziej lub nigdy,rzadziej lub nigdy,4,5 - 6,7 - 9,3,Brak - w trakcie pierwszego semestru,3 - 6 godzin,0,Praca zarobkowa,do 1 000 zł,300 - 600 zł,5,Tak,Stacjonarna,11 - 20 godzin,Nie
18 - 20 lat,Kobieta,W9,Studia I stopnia - 1. rok,do 15 minut,Mieszkanie wynajmowane pod studia,Współlokator (jeden),5,4,5,4,3,4,4,3 - 5,raz w miesiącu,5,singiel/singielka,5,3,2,nie korzystam,0,6 - 9,3 - 5,co tydzień,rzadziej lub nigdy,co miesiąc,rzadziej lub nigdy,2,5 - 6,więcej niż 9,2,Brak - w trakcie pierwszego semestru,7 - 11 godzin,0,"Rodzina (np. rodzice, opiekunowie)",2 000 - 3 000 zł,do 300 zł,5,Nie,,,
18 - 20 lat,Mężczyzna,W9,Studia I stopnia - kolejne lata (2-4),do 15 minut,Mieszkanie wynajmowane pod studia,Współlokatorzy (wielu),4,4,3,3,2,4,2,1 - 2,raz w tygodniu,4,w związku,2,4,3,kilka razy w roku,1 - 2,6 - 9,3 - 5,co kilka dni,codziennie,co kilka dni,codziennie,1,5 - 6,więcej niż 9,5,"3,5 - 3,99",3 - 6 godzin,1,"Rodzina (np. rodzice, opiekunowie)",2 000 - 3 000 zł,300 - 600 zł,3,Nie,,,
21 - 23 lata,Mężczyzna,W2,Studia I stopnia - kolejne lata (2-4),46 - 60 minut,Mieszkanie wynajmowane pod studia,Współlokatorzy (wielu),2,2,1,1,2,2,2,1 - 2,raz w miesiącu,4,inne/nie chce podawać,4,5,2,nie korzystam,0,10 i więcej,1 - 2,co tydzień,co kilka dni,co tydzień,codziennie,1,5 - 6,7 - 9,1,"poniżej 3,5",powyżej 20 godzin,0,"Rodzina (np. rodzice, opiekunowie)",1 000 - 2 000 zł,do 300 zł,1,Nie,,,
21 - 23 lata,Mężczyzna,W13,Studia I stopnia - kolejne lata (2-4),do 15 minut,Akademik publiczny,Współlokatorzy (wielu),4,4,5,5,5,3,3,3 - 5,wcale,3,singiel/singielka,4,1,4,nie korzystam,1 - 2,6 - 9,1 - 2,co tydzień,rzadziej lub nigdy,rzadziej lub nigdy,rzadziej lub nigdy,4,7 - 9,więcej niż 9,2,"4,5 - 5,0",15 - 20 godzin,0,"Rodzina (np. rodzice, opiekunowie)",1 000 - 2 000 zł,do 300 zł,5,Nie,,,
18 - 20 lat,Mężczyzna,W9,Studia I stopnia - kolejne lata (2-4),16 - 30 minut,Mieszkanie wynajmowane pod studia,Współlokatorzy (wielu),4,5,5,5,4,5,3,3 - 5,kilka razy w tygodniu,4,w związku,3,4,3,nie korzystam,1 - 2,3 - 5,1 - 2,co kilka dni,rzadziej lub nigdy,co miesiąc,rzadziej lub nigdy,5,7 - 9,więcej niż 9,2,"4,0 - 4,49",7 - 11 godzin,1,"Rodzina (np. rodzice, opiekunowie)",1 000 - 2 000 zł,do 300 zł,5,Tak,Stacjonarna,do 10 godzin,Nie
21 - 23 lata,Mężczyzna,W2,Studia I stopnia - 1. rok,16 - 30 minut,Mieszkanie wynajmowane pod studia,Współlokatorzy (wielu),4,2,2,3,3,1,3,3 - 5,raz w tygodniu,4,singiel/singielka,3,2,3,nie korzystam,1 - 2,3 - 5,1 - 2,co tydzień,co miesiąc,co miesiąc,codziennie,2,więcej niż 9,więcej niż 9,1,Brak - w trakcie pierwszego semestru,7 - 11 godzin,2,"Rodzina (np. rodzice, opiekunowie)",2 000 - 3 000 zł,300 - 600 zł,3,Nie,,,
18 - 20 lat,Mężczyzna,W10,Studia I stopnia - kolejne lata (2-4),16 - 30 minut,Akademik publiczny,Współlokator (jeden),2,1,4,3,1,3,2,6 - 9,raz w tygodniu,1,singiel/singielka,5,4,2,nie korzystam,1 - 2,3 - 5,1 - 2,co tydzień,co kilka dni,co miesiąc,rzadziej lub nigdy,2,5 - 6,więcej niż 9,3,"4,0 - 4,49",7 - 11 godzin,0,"Stypendia (socjalne, naukowe lub inne)",1 000 - 2 000 zł,do 300 zł,4,Nie,,,
21 - 23 lata,Kobieta,W9,Studia I stopnia - kolejne lata (2-4),do 15 minut,Mieszkanie wynajmowane pod studia,Współlokator (jeden),3,2,1,1,2,1,2,1 - 2,rzadziej niż raz w miesiącu,3,w związku,4,4,3,nie korzystam,1 - 2,6 - 9,1 - 2,co tydzień,rzadziej lub nigdy,rzadziej lub nigdy,rzadziej lub nigdy,3,5 - 6,7 - 9,2,"poniżej 3,5",0 - 2 godziny,0,"Rodzina (np. rodzice, opiekunowie)",2 000 - 3 000 zł,do 300 zł,1,Nie,,,
24 - 26 lat,Mężczyzna,W4,Studia II stopnia lub ukończone studia II stopnia (magister),16 - 30 minut,Mieszkanie wynajmowane pod studia,Współlokatorzy (wielu),2,1,4,4,3,3,3,1 - 2,raz w tygodniu,2,singiel/singielka,5,4,4,raz w tygodniu,1 - 2,6 - 9,1 - 2,co tydzień,co tydzień,co tydzień,co miesiąc,4,7 - 9,więcej niż 9,3,"4,0 - 4,49",0 - 2 godziny,2,Praca zarobkowa,3 000 - 4 000 zł,600 - 1 000 zł,4,Tak,Zdalna,powyżej 30 godzin,Tak
18 - 20 lat,Kobieta,W10,Studia I stopnia - kolejne lata (2-4),46 - 60 minut,Dom/mieszkanie rodzinne,Rodzina,5,4,2,4,5,4,2,1 - 2,kilka razy w tygodniu,5,singiel/singielka,5,2,2,nie korzystam,3 - 5,10 i więcej,6 - 9,co tydzień,co tydzień,co kilka dni,co kilka dni,2,5 - 6,więcej niż 9,3,"4,0 - 4,49",0 - 2 godziny,1,"Stypendia (socjalne, naukowe lub inne)",do 1 000 zł,600 - 1 000 zł,3,Tak,Stacjonarna,do 10 godzin,Nie
21 - 23 lata,Mężczyzna,W5,Studia I stopnia - kolejne lata (2-4),do 15 minut,Mieszkanie wynajmowane pod studia,Współlokatorzy (wielu),2,3,5,3,2,1,3,1 - 2,wcale,2,singiel/singielka,5,4,1,nie korzystam,0,6 - 9,3 - 5,co miesiąc,rzadziej lub nigdy,co tydzień,rzadziej lub nigdy,4,5 - 6,więcej niż 9,3,"poniżej 3,5",15 - 20 godzin,0,"Rodzina (np. rodzice, opiekunowie)",2 000 - 3 000 zł,do 300 zł,5,Nie,,,
21 - 23 lata,Kobieta,W11,Studia I stopnia - kolejne lata (2-4),do 15 minut,Akademik publiczny,Współlokatorzy (wielu),5,4,4,5,4,5,4,3 - 5,raz w tygodniu,3,w związku,5,3,4,1-2 razy w roku,10 i więcej,10 i więcej,3 - 5,co miesiąc,rzadziej lub nigdy,rzadziej lub nigdy,rzadziej lub nigdy,5,7 - 9,7 - 9,1,"3,5 - 3,99",11 - 15 godzin,1,"Stypendia (socjalne, naukowe lub inne)",1 000 - 2 000 zł,do 300 zł,3,Nie,,,
18 - 20 lat,Mężczyzna,W10,Studia I stopnia - kolejne lata (2-4),31 - 45 minut,Dom/mieszkanie rodzinne,Rodzina,4,2,5,4,4,2,1,1 - 2,kilka razy w tygodniu,4,singiel/singielka,4,4,5,nie korzystam,3 - 5,6 - 9,1 - 2,co kilka dni,co kilka dni,rzadziej lub nigdy,co miesiąc,4,7 - 9,7 - 9,4,"poniżej 3,5",0 - 2 godziny,1,Praca zarobkowa,2 000 - 3 000 zł,600 - 1 000 zł,5,Tak,Stacjonarna,powyżej 30 godzin,Tak
18 - 20 lat,Kobieta,W6,Studia I stopnia - 1. rok,16 - 30 minut,Akademik publiczny,Mieszkam sam/a,3,1,1,3,2,4,1,3 - 5,raz w miesiącu,4,singiel/singielka,2,5,1,1-2 razy w roku,1 - 2,10 i więcej,10 i więcej,codziennie,rzadziej lub nigdy,co tydzień,rzadziej lub nigdy,1,3 - 4,5 - 6,3,Brak - w trakcie pierwszego semestru,0 - 2 godziny,0,"Rodzina (np. rodzice, opiekunowie)",do 1 000 zł,do 300 zł,2,Nie,,,
21 - 23 lata,Kobieta,W12,Studia I stopnia - kolejne lata (2-4),46 - 60 minut,Dom/mieszkanie rodzinne,Rodzina,5,4,4,2,4,4,3,6 - 9,kilka razy w tygodniu,5,singiel/singielka,5,2,4,nie korzystam,3 - 5,6 - 9,1 - 2,rzadziej lub nigdy,rzadziej lub nigdy,rzadziej lub nigdy,rzadziej lub nigdy,5,5 - 6,7 - 9,2,"4,0 - 4,49",7 - 11 godzin,1,"Rodzina (np. rodzice, opiekunowie)",do 1 000 zł,600 - 1 000 zł,5,Tak,Hybrydowa,powyżej 30 godzin,Częściowo
18 - 20 lat,Mężczyzna,W11,Studia I stopnia - 1. rok,do 15 minut,Akademik publiczny,Współlokatorzy (wielu),4,4,2,4,2,2,2,1 - 2,raz w miesiącu,5,singiel/singielka,5,2,4,nie korzystam,6 - 9,3 - 5,3 - 5,co kilka dni,codziennie,rzadziej lub nigdy,rzadziej lub nigdy,3,7 - 9,7 - 9,2,Brak - w trakcie pierwszego semestru,0 - 2 godziny,0,"Rodzina (np. rodzice, opiekunowie)",1 000 - 2 000 zł,do 300 zł,4,Nie,,,
18 - 20 lat,Mężczyzna,W4,Studia I stopnia - kolejne lata (2-4),16 - 30 minut,Mieszkanie wynajmowane pod studia,Współlokator (jeden),4,3,4,1,4,2,1,3 - 5,rzadziej niż raz w miesiącu,3,singiel/singielka,4,3,5,nie korzystam,1 - 2,10 i więcej,1 - 2,co miesiąc,rzadziej lub nigdy,co miesiąc,nie chcę odpowiadać,4,7 - 9,7 - 9,4,"4,0 - 4,49",3 - 6 godzin,1,Praca zarobkowa,1 000 - 2 000 zł,do 300 zł,5,Tak,Hybrydowa,11 - 20 godzin,Częściowo
18 - 20 lat,Mężczyzna,W10,Studia I stopnia - 1. rok,do 15 minut,Akademik publiczny,Współlokator (jeden),3,4,5,3,3,2,1,0,rzadziej niż raz w miesiącu,3,singiel/singielka,4,4,5,nie korzystam,1 - 2,3 - 5,1 - 2,rzadziej lub nigdy,co tydzień,rzadziej lub nigdy,rzadziej lub nigdy,4,7 - 9,więcej niż 9,1,Brak - w trakcie pierwszego semestru,7 - 11 godzin,0,"Rodzina (np. rodzice, opiekunowie)",1 000 - 2 000 zł,300 - 600 zł,3,Nie,,,
18 - 20 lat,Mężczyzna,W10,Studia I stopnia - 1. rok,16 - 30 minut,Mieszkanie wynajmowane pod studia,Mieszkam sam/a,3,2,3,5,2,1,5,1 - 2,raz w miesiącu,5,singiel/singielka,5,4,3,nie korzystam,3 - 5,3 - 5,1 - 2,rzadziej lub nigdy,rzadziej lub nigdy,rzadziej lub nigdy,rzadziej lub nigdy,4,7 - 9,więcej niż 9,2,Brak - w trakcie pierwszego semestru,0 - 2 godziny,1,"Rodzina (np. rodzice, opiekunowie)",2 000 - 3 000 zł,300 - 600 zł,4,Nie,,,
21 - 23 lata,Mężczyzna,W11,Studia I stopnia - kolejne lata (2-4),do 15 minut,Mieszkanie wynajmowane pod studia,Współlokator (jeden),4,2,4,4,3,5,2,3 - 5,raz w tygodniu,5,w związku,5,4,3,1-2 razy w roku,6 - 9,6 - 9,1 - 2,co miesiąc,co tydzień,co tydzień,rzadziej lub nigdy,4,7 - 9,7 - 9,1,"4,5 - 5,0",powyżej 20 godzin,2,"Rodzina (np. rodzice, opiekunowie)",2 000 - 3 000 zł,300 - 600 zł,5,Tak,Hybrydowa,do 10 godzin,Nie
21 - 23 lata,Mężczyzna,W10,Studia I stopnia - kolejne lata (2-4),46 - 60 minut,Dom/mieszkanie rodzinne,Rodzina,4,4,5,4,3,4,2,3 - 5,raz w tygodniu,4,w związku,4,4,5,nie korzystam,1 - 2,6 - 9,1 - 2,co tydzień,rzadziej lub nigdy,co tydzień,rzadziej lub nigdy,4,7 - 9,7 - 9,2,"3,5 - 3,99",11 - 15 godzin,1,"Rodzina (np. rodzice, opiekunowie)",do 1 000 zł,do 300 zł,3,Nie,,,
21 - 23 lata,Kobieta,W2,Studia I stopnia - 1. rok,16 - 30 minut,Mieszkanie wynajmowane pod studia,Współlokatorzy (wielu),3,4,2,1,1,4,3,1 - 2,codziennie,5,w związku,2,3,4,raz w tygodniu,3 - 5,6 - 9,1 - 2,co kilka dni,codziennie,rzadziej lub nigdy,rzadziej lub nigdy,2,7 - 9,7 - 9,2,"4,0 - 4,49",15 - 20 godzin,0,"Rodzina (np. rodzice, opiekunowie)",1 000 - 2 000 zł,do 300 zł,2,Tak,Zdalna,do 10 godzin,Nie
21 - 23 lata,Kobieta,W3,Studia II stopnia lub ukończone studia II stopnia (magister),do 15 minut,Mieszkanie wynajmowane pod studia,Współlokatorzy (wielu),3,4,3,3,2,3,2,1 - 2,raz w miesiącu,4,w związku,4,5,4,nie korzystam,1 - 2,6 - 9,1 - 2,co miesiąc,rzadziej lub nigdy,rzadziej lub nigdy,rzadziej lub nigdy,4,5 - 6,7 - 9,4,"4,5 - 5,0",15 - 20 godzin,0,"Rodzina (np. rodzice, opiekunowie)",1 000 - 2 000 zł,do 300 zł,2,Nie,,,
21 - 23 lata,Kobieta,W8,Studia I stopnia - kolejne lata (2-4),31 - 45 minut,Mieszkanie wynajmowane pod studia,Mieszkam sam/a,4,2,1,3,4,4,4,3 - 5,kilka razy w tygodniu,4,singiel/singielka,5,4,4,nie korzystam,3 - 5,6 - 9,3 - 5,codziennie,co tydzień,co miesiąc,rzadziej lub nigdy,2,5 - 6,7 - 9,2,"3,5 - 3,99",3 - 6 godzin,0,"Rodzina (np. rodzice, opiekunowie)",3 000 - 4 000 zł,do 300 zł,3,Nie,,,
21 - 23 lata,Inna,W3,Studia I stopnia - 1. rok,do 15 minut,Mieszkanie wynajmowane pod studia,Współlokatorzy (wielu),3,2,2,2,3,4,4,3 - 5,raz w tygodniu,4,w związku,4,4,3,kilka razy w miesiącu,3 - 5,6 - 9,3 - 5,rzadziej lub nigdy,co miesiąc,rzadziej lub nigdy,rzadziej lub nigdy,3,5 - 6,7 - 9,4,Brak - w trakcie pierwszego semestru,3 - 6 godzin,0,"Rodzina (np. rodzice, opiekunowie)",2 000 - 3 000 zł,300 - 600 zł,3,Nie,,,
18 - 20 lat,Kobieta,W1,Studia I stopnia - 1. rok,16 - 30 minut,Mieszkanie wynajmowane pod studia,Współlokatorzy (wielu),4,4,5,5,5,3,3,1 - 2,raz w miesiącu,5,singiel/singielka,5,3,4,nie korzystam,1 - 2,10 i więcej,1 - 2,rzadziej lub nigdy,rzadziej lub nigdy,rzadziej lub nigdy,rzadziej lub nigdy,4,7 - 9,7 - 9,1,Brak - w trakcie pierwszego semestru,15 - 20 godzin,0,"Rodzina (np. rodzice, opiekunowie)",1 000 - 2 000 zł,do 300 zł,5,Nie,,,
18 - 20 lat,Mężczyzna,W12,Studia I stopnia - 1. rok,16 - 30 minut,Mieszkanie wynajmowane pod studia,Współlokator (jeden),4,4,2,3,2,4,4,3 - 5,raz w miesiącu,5,w związku,4,5,4,nie chcę odpowiadać,0,3 - 5,1 - 2,co tydzień,co kilka dni,rzadziej lub nigdy,codziennie,2,5 - 6,7 - 9,2,Brak - w trakcie pierwszego semestru,7 - 11 godzin,1,"Rodzina (np. rodzice, opiekunowie)",1 000 - 2 000 zł,do 300 zł,2,Nie,,,
18 - 20 lat,Mężczyzna,W9,Studia I stopnia - 1. rok,do 15 minut,Dom/mieszkanie rodzinne,Rodzina,2,4,4,4,3,3,4,3 - 5,kilka razy w tygodniu,4,singiel/singielka,5,2,2,nie korzystam,3 - 5,6 - 9,1 - 2,co tydzień,codziennie,co miesiąc,rzadziej lub nigdy,3,7 - 9,7 - 9,2,Brak - w trakcie pierwszego semestru,15 - 20 godzin,0,Inne źródła (np. oszczędności),1 000 - 2 000 zł,300 - 600 zł,3,Nie,,,
24 - 26 lat,Mężczyzna,W4,Studia II stopnia lub ukończone studia II stopnia (magister),46 - 60 minut,Dom/mieszkanie rodzinne,Rodzina,3,4,3,2,3,4,2,3 - 5,kilka razy w tygodniu,3,singiel/singielka,4,4,4,nie korzystam,0,10 i więcej,1 - 2,co tydzień,co miesiąc,rzadziej lub nigdy,rzadziej lub nigdy,3,5 - 6,więcej niż 9,3,"4,5 - 5,0",powyżej 20 godzin,1,Praca zarobkowa,1 000 - 2 000 zł,1 000 - 1 500 zł,3,Tak,Stacjonarna,21 - 30 godzin,Tak
24 - 26 lat,Mężczyzna,W4,Studia II stopnia lub ukończone studia II stopnia (magister),46 - 60 minut,Dom/mieszkanie rodzinne,Rodzina,3,4,2,3,2,4,2,3 - 5,kilka razy w tygodniu,4,inne/nie chce podawać,3,3,2,nie korzystam,0,10 i więcej,0,co tydzień,co kilka dni,co tydzień,rzadziej lub nigdy,3,5 - 6,więcej niż 9,1,"4,5 - 5,0",powyżej 20 godzin,0,Praca zarobkowa,3 000 - 4 000 zł,600 - 1 000 zł,2,Tak,Zdalna,21 - 30 godzin,Częściowo
24 - 26 lat,Kobieta,W1,Studia II stopnia lub ukończone studia II stopnia (magister),16 - 30 minut,Mieszkanie wynajmowane pod studia,Współlokator (jeden),2,4,2,4,1,2,1,1 - 2,rzadziej niż raz w miesiącu,5,w związku,4,3,1,raz w tygodniu,1 - 2,10 i więcej,1 - 2,codziennie,co kilka dni,co miesiąc,rzadziej lub nigdy,1,7 - 9,więcej niż 9,3,"4,5 - 5,0",3 - 6 godzin,0,Praca zarobkowa,2 000 - 3 000 zł,600 - 1 000 zł,2,Tak,Stacjonarna,11 - 20 godzin,Tak
18 - 20 lat,Kobieta,W13,Studia I stopnia - kolejne lata (2-4),16 - 30 minut,Dom/mieszkanie rodzinne,Mieszkam sam/a,4,4,4,4,4,4,2,6 - 9,raz w tygodniu,4,singiel/singielka,4,4,3,nie korzystam,3 - 5,6 - 9,3 - 5,co kilka dni,rzadziej lub nigdy,co miesiąc,rzadziej lub nigdy,3,5 - 6,7 - 9,2,"4,5 - 5,0",7 - 11 godzin,0,"Rodzina (np. rodzice, opiekunowie)",do 1 000 zł,do 300 zł,4,Nie,,,
18 - 20 lat,Kobieta,W9,Studia I stopnia - 1. rok,do 15 minut,Mieszkanie wynajmowane pod studia,Współlokator (jeden),4,2,3,4,4,4,5,3 - 5,rzadziej niż raz w miesiącu,3,w związku,5,4,2,nie korzystam,3 - 5,3 - 5,1 - 2,rzadziej lub nigdy,rzadziej lub nigdy,rzadziej lub nigdy,rzadziej lub nigdy,5,7 - 9,7 - 9,2,"4,0 - 4,49",3 - 6 godzin,1,"Rodzina (np. rodzice, opiekunowie)",1 000 - 2 000 zł,do 300 zł,5,Tak,Stacjonarna,do 10 godzin,Częściowo
18 - 20 lat,Mężczyzna,W12,Studia I stopnia - 1. rok,16 - 30 minut,Mieszkanie wynajmowane pod studia,Współlokatorzy (wielu),1,2,3,2,1,2,4,1 - 2,raz w tygodniu,3,singiel/singielka,4,3,2,raz w tygodniu,0,6 - 9,3 - 5,co tydzień,co miesiąc,co miesiąc,rzadziej lub nigdy,2,7 - 9,więcej niż 9,4,Brak - w trakcie pierwszego semestru,3 - 6 godzin,0,"Rodzina (np. rodzice, opiekunowie)",2 000 - 3 000 zł,300 - 600 zł,4,Nie,,,
18 - 20 lat,Mężczyzna,W13,Studia I stopnia - kolejne lata (2-4),do 15 minut,Mieszkanie wynajmowane pod studia,Mieszkam sam/a,4,3,2,2,4,4,3,3 - 5,raz w miesiącu,3,singiel/singielka,4,2,2,nie korzystam,1 - 2,6 - 9,3 - 5,co kilka dni,rzadziej lub nigdy,rzadziej lub nigdy,rzadziej lub nigdy,2,5 - 6,więcej niż 9,5,"4,5 - 5,0",3 - 6 godzin,2,"Rodzina (np. rodzice, opiekunowie)",2 000 - 3 000 zł,do 300 zł,2,Nie,,,
18 - 20 lat,Mężczyzna,W14,Studia I stopnia - 1. rok,46 - 60 minut,Dom/mieszkanie rodzinne,Rodzina,1,1,1,1,1,1,1,1 - 2,rzadziej niż raz w miesiącu,1,w związku,2,5,1,raz w tygodniu,1 - 2,3 - 5,0,co miesiąc,rzadziej lub nigdy,rzadziej lub nigdy,rzadziej lub nigdy,2,5 - 6,7 - 9,5,"4,0 - 4,49",11 - 15 godzin,0,"Rodzina (np. rodzice, opiekunowie)",do 1 000 zł,do 300 zł,1,Nie,,,
18 - 20 lat,Mężczyzna,W4,Studia I stopnia - kolejne lata (2-4),16 - 30 minut,Mieszkanie wynajmowane pod studia,Współlokator (jeden),2,3,4,2,2,2,1,1 - 2,raz w miesiącu,1,singiel/singielka,4,4,1,nie korzystam,1 - 2,10 i więcej,1 - 2,co miesiąc,rzadziej lub nigdy,co miesiąc,rzadziej lub nigdy,3,7 - 9,7 - 9,3,"powyżej 5,0",powyżej 20 godzin,0,"Rodzina (np. rodzice, opiekunowie)",1 000 - 2 000 zł,do 300 zł,3,Nie,,,
21 - 23 lata,Mężczyzna,W4,Studia I stopnia - kolejne lata (2-4),do 15 minut,Akademik publiczny,Współlokator (jeden),5,5,5,5,5,5,5,10 i więcej,codziennie,5,singiel/singielka,5,2,5,nie korzystam,1 - 2,10 i więcej,1 - 2,codziennie,rzadziej lub nigdy,co kilka dni,rzadziej lub nigdy,3,5 - 6,więcej niż 9,2,"4,0 - 4,49",powyżej 20 godzin,2,"Rodzina (np. rodzice, opiekunowie)",1 000 - 2 000 zł,do 300 zł,4,Nie,,,
18 - 20 lat,Kobieta,W2,Studia I stopnia - kolejne lata (2-4),do 15 minut,Akademik publiczny,Współlokator (jeden),3,1,2,2,2,1,2,1 - 2,raz w miesiącu,2,singiel/singielka,3,4,2,nie korzystam,0,10 i więcej,3 - 5,co kilka dni,rzadziej lub nigdy,rzadziej lub nigdy,rzadziej lub nigdy,2,7 - 9,7 - 9,5,"3,5 - 3,99",3 - 6 godzin,0,"Świadczenia publiczne lub prywatne (np. renta, alimenty)",1 000 - 2 000 zł,do 300 zł,2,Nie,,,
21 - 23 lata,Mężczyzna,W4,Studia I stopnia - kolejne lata (2-4),31 - 45 minut,Mieszkanie wynajmowane pod studia,Współlokatorzy (wielu),5,5,4,3,4,3,2,1 - 2,raz w tygodniu,4,singiel/singielka,4,3,2,nie korzystam,1 - 2,10 i więcej,3 - 5,co tydzień,rzadziej lub nigdy,co miesiąc,rzadziej lub nigdy,3,3 - 4,7 - 9,2,"4,0 - 4,49",powyżej 20 godzin,1,"Rodzina (np. rodzice, opiekunowie)",1 000 - 2 000 zł,do 300 zł,4,Nie,,,
18 - 20 lat,Mężczyzna,W11,Studia I stopnia - 1. rok,16 - 30 minut,Dom/mieszkanie rodzinne,Rodzina,3,3,2,2,1,2,3,0,raz w miesiącu,3,singiel/singielka,4,5,3,kilka razy w roku,3 - 5,6 - 9,3 - 5,co tydzień,rzadziej lub nigdy,co miesiąc,co kilka dni,3,7 - 9,7 - 9,5,Brak - w trakcie pierwszego semestru,7 - 11 godzin,0,"Rodzina (np. rodzice, opiekunowie)",1 000 - 2 000 zł,do 300 zł,2,Nie,,,
21 - 23 lata,Kobieta,W13,Studia I stopnia - kolejne lata (2-4),16 - 30 minut,Mieszkanie wynajmowane pod studia,Współlokator (jeden),5,4,4,2,5,5,4,3 - 5,kilka razy w tygodniu,5,w związku,5,2,4,nie korzystam,3 - 5,6 - 9,1 - 2,co miesiąc,co tydzień,co tydzień,rzadziej lub nigdy,4,7 - 9,7 - 9,2,"4,5 - 5,0",15 - 20 godzin,0,"Rodzina (np. rodzice, opiekunowie)",1 000 - 2 000 zł,do 300 zł,4,Tak,Zdalna,do 10 godzin,Częściowo
21 - 23 lata,Mężczyzna,W11,Studia I stopnia - kolejne lata (2-4),16 - 30 minut,Dom/mieszkanie rodzinne,Mieszkam sam/a,2,1,5,2,2,3,2,6 - 9,raz w miesiącu,2,singiel/singielka,2,5,2,nie korzystam,1 - 2,6 - 9,3 - 5,co kilka dni,rzadziej lub nigdy,rzadziej lub nigdy,rzadziej lub nigdy,1,5 - 6,7 - 9,3,"3,5 - 3,99",11 - 15 godzin,0,"Rodzina (np. rodzice, opiekunowie)",do 1 000 zł,300 - 600 zł,5,Nie,,,
18 - 20 lat,Kobieta,W11,Studia I stopnia - kolejne lata (2-4),46 - 60 minut,Dom/mieszkanie rodzinne,Rodzina,4,4,5,5,4,4,5,6 - 9,kilka razy w tygodniu,5,singiel/singielka,5,4,4,nie korzystam,3 - 5,6 - 9,1 - 2,co tydzień,co tydzień,rzadziej lub nigdy,rzadziej lub nigdy,4,7 - 9,7 - 9,2,"4,5 - 5,0",3 - 6 godzin,1,"Rodzina (np. rodzice, opiekunowie)",do 1 000 zł,300 - 600 zł,5,Nie,,,
24 - 26 lat,Kobieta,W11,Studia II stopnia lub ukończone studia II stopnia (magister),do 15 minut,Akademik publiczny,Współlokator (jeden),3,4,3,1,2,4,2,3 - 5,raz w miesiącu,4,w związku,3,5,3,nie korzystam,1 - 2,3 - 5,1 - 2,co tydzień,co miesiąc,co miesiąc,rzadziej lub nigdy,3,7 - 9,więcej niż 9,2,"4,0 - 4,49",powyżej 20 godzin,0,Praca zarobkowa,2 000 - 3 000 zł,do 300 zł,3,Tak,Stacjonarna,11 - 20 godzin,Tak
21 - 23 lata,Kobieta,W11,Studia II stopnia lub ukończone studia II stopnia (magister),16 - 30 minut,Mieszkanie wynajmowane pod studia,Rodzina,3,3,2,3,3,2,1,3 - 5,raz w miesiącu,3,singiel/singielka,3,3,2,nie korzystam,1 - 2,3 - 5,3 - 5,co miesiąc,co tydzień,rzadziej lub nigdy,rzadziej lub nigdy,3,5 - 6,5 - 6,3,"3,5 - 3,99",3 - 6 godzin,0,Praca zarobkowa,1 000 - 2 000 zł,do 300 zł,2,Tak,Stacjonarna,11 - 20 godzin,Tak
24 - 26 lat,Mężczyzna,W11,Ukończone studia I stopnia (licencjat/inżynier),do 15 minut,Mieszkanie wynajmowane pod studia,Współlokatorzy (wielu),3,2,2,4,3,1,1,3 - 5,raz w miesiącu,4,singiel/singielka,4,3,4,nie korzystam,10 i więcej,6 - 9,1 - 2,co miesiąc,co kilka dni,rzadziej lub nigdy,rzadziej lub nigdy,4,7 - 9,7 - 9,2,"4,0 - 4,49",11 - 15 godzin,1,Praca zarobkowa,2 000 - 3 000 zł,do 300 zł,4,Tak,Stacjonarna,21 - 30 godzin,Tak
21 - 23 lata,Kobieta,W8,Studia I stopnia - kolejne lata (2-4),46 - 60 minut,Dom/mieszkanie rodzinne,Mieszkam sam/a,4,3,3,4,3,4,3,3 - 5,kilka razy w tygodniu,4,singiel/singielka,5,4,3,nie korzystam,3 - 5,6 - 9,6 - 9,co kilka dni,co kilka dni,co miesiąc,rzadziej lub nigdy,3,5 - 6,7 - 9,4,"4,5 - 5,0",3 - 6 godzin,1,"Rodzina (np. rodzice, opiekunowie)",1 000 - 2 000 zł,600 - 1 000 zł,3,Nie,,,
24 - 26 lat,Kobieta,W11,Studia I stopnia - kolejne lata (2-4),do 15 minut,Akademik publiczny,Współlokatorzy (wielu),3,2,2,2,2,2,2,3 - 5,raz w miesiącu,3,singiel/singielka,3,5,2,nie korzystam,0,6 - 9,3 - 5,co miesiąc,rzadziej lub nigdy,rzadziej lub nigdy,rzadziej lub nigdy,2,3 - 4,7 - 9,3,"3,5 - 3,99",7 - 11 godzin,1,"Rodzina (np. rodzice, opiekunowie)",1 000 - 2 000 zł,300 - 600 zł,3,Nie,,,
21 - 23 lata,Mężczyzna,W11,Studia I stopnia - kolejne lata (2-4),31 - 45 minut,Dom/mieszkanie rodzinne,Rodzina,2,3,3,2,1,2,4,1 - 2,rzadziej niż raz w miesiącu,2,singiel/singielka,1,5,2,1-2 razy w roku,0,10 i więcej,6 - 9,co miesiąc,rzadziej lub nigdy,co miesiąc,codziennie,4,więcej niż 9,więcej niż 9,5,"4,0 - 4,49",11 - 15 godzin,1,"Rodzina (np. rodzice, opiekunowie)",do 1 000 zł,300 - 600 zł,4,Nie,,,
21 - 23 lata,Wolę nie odpowiadać,W11,Ukończone studia I stopnia (licencjat/inżynier),do 15 minut,Mieszkanie wynajmowane pod studia,Współlokatorzy (wielu),4,4,5,3,4,3,4,3 - 5,raz w tygodniu,4,singiel/singielka,5,1,2,kilka razy w roku,0,10 i więcej,6 - 9,co tydzień,rzadziej lub nigdy,co miesiąc,rzadziej lub nigdy,5,7 - 9,więcej niż 9,3,"4,0 - 4,49",7 - 11 godzin,1,"Rodzina (np. rodzice, opiekunowie)",1 000 - 2 000 zł,300 - 600 zł,4,Tak,Zdalna,do 10 godzin,Częściowo
21 - 23 lata,Kobieta,W5,Ukończone studia I stopnia (licencjat/inżynier),do 15 minut,Mieszkanie wynajmowane pod studia,Współlokatorzy (wielu),3,4,4,5,2,5,4,3 - 5,raz w tygodniu,3,singiel/singielka,4,5,3,nie korzystam,1 - 2,6 - 9,6 - 9,co tydzień,co miesiąc,rzadziej lub nigdy,rzadziej lub nigdy,5,5 - 6,7 - 9,4,"4,0 - 4,49",7 - 11 godzin,0,"Rodzina (np. rodzice, opiekunowie)",1 000 - 2 000 zł,do 300 zł,3,Nie,,,
21 - 23 lata,Kobieta,W10,Studia I stopnia - kolejne lata (2-4),do 15 minut,Dom/mieszkanie rodzinne,Rodzina,4,3,4,3,3,4,2,1 - 2,rzadziej niż raz w miesiącu,3,w związku,4,5,4,nie korzystam,3 - 5,10 i więcej,1 - 2,co miesiąc,rzadziej lub nigdy,co miesiąc,rzadziej lub nigdy,3,5 - 6,więcej niż 9,5,"3,5 - 3,99",7 - 11 godzin,1,Praca zarobkowa,do 1 000 zł,do 300 zł,5,Tak,Stacjonarna,powyżej 30 godzin,Częściowo
18 - 20 lat,Mężczyzna,W13,Studia I stopnia - kolejne lata (2-4),do 15 minut,Mieszkanie wynajmowane pod studia,Mieszkam sam/a,4,3,4,2,3,4,2,3 - 5,raz w tygodniu,4,w związku,5,3,4,nie korzystam,1 - 2,6 - 9,3 - 5,co kilka dni,rzadziej lub nigdy,rzadziej lub nigdy,co miesiąc,2,7 - 9,7 - 9,2,"3,5 - 3,99",7 - 11 godzin,1,"Rodzina (np. rodzice, opiekunowie)",3 000 - 4 000 zł,do 300 zł,4,Nie,,,
21 - 23 lata,Kobieta,W1,Studia I stopnia - kolejne lata (2-4),do 15 minut,Dom/mieszkanie rodzinne,Rodzina,3,2,3,2,2,3,2,3 - 5,rzadziej niż raz w miesiącu,3,singiel/singielka,4,4,2,nie korzystam,1 - 2,10 i więcej,1 - 2,co miesiąc,rzadziej lub nigdy,co miesiąc,rzadziej lub nigdy,4,5 - 6,7 - 9,5,"4,5 - 5,0",15 - 20 godzin,1,"Rodzina (np. rodzice, opiekunowie)",1 000 - 2 000 zł,300 - 600 zł,4,Nie,,,
18 - 20 lat,Kobieta,W11,Studia I stopnia - 1. rok,do 15 minut,Mieszkanie wynajmowane pod studia,Współlokator (jeden),3,2,2,3,3,4,4,1 - 2,raz w miesiącu,4,w związku,4,4,3,nie korzystam,1 - 2,3 - 5,1 - 2,co kilka dni,rzadziej lub nigdy,rzadziej lub nigdy,rzadziej lub nigdy,3,7 - 9,7 - 9,1,Brak - w trakcie pierwszego semestru,7 - 11 godzin,0,"Rodzina (np. rodzice, opiekunowie)",3 000 - 4 000 zł,do 300 zł,3,Nie,,,
18 - 20 lat,Kobieta,W10,Studia I stopnia - 1. rok,do 15 minut,Mieszkanie wynajmowane pod studia,Współlokatorzy (wielu),3,2,4,5,3,5,3,3 - 5,kilka razy w tygodniu,2,singiel/singielka,5,4,3,nie korzystam,3 - 5,6 - 9,3 - 5,co tydzień,co kilka dni,co kilka dni,codziennie,3,5 - 6,7 - 9,1,Brak - w trakcie pierwszego semestru,7 - 11 godzin,0,"Rodzina (np. rodzice, opiekunowie)",1 000 - 2 000 zł,do 300 zł,3,Nie,,,
21 - 23 lata,Mężczyzna,W6,Studia I stopnia - kolejne lata (2-4),16 - 30 minut,Akademik prywatny,Współlokator (jeden),4,3,4,4,3,4,4,1 - 2,kilka razy w tygodniu,4,inne/nie chce podawać,3,4,4,nie korzystam,0,6 - 9,3 - 5,co tydzień,rzadziej lub nigdy,co miesiąc,rzadziej lub nigdy,3,5 - 6,więcej niż 9,4,"3,5 - 3,99",7 - 11 godzin,1,"Rodzina (np. rodzice, opiekunowie)",2 000 - 3 000 zł,do 300 zł,4,Nie,,,
18 - 20 lat,Kobieta,W4,Studia I stopnia - 1. rok,do 15 minut,Akademik publiczny,Współlokatorzy (wielu),2,2,2,2,2,2,1,1 - 2,raz w miesiącu,4,singiel/singielka,4,4,3,nie korzystam,1 - 2,6 - 9,1 - 2,co miesiąc,co miesiąc,rzadziej lub nigdy,rzadziej lub nigdy,3,7 - 9,7 - 9,2,Brak - w trakcie pierwszego semestru,11 - 15 godzin,0,"Rodzina (np. rodzice, opiekunowie)",1 000 - 2 000 zł,300 - 600 zł,3,Nie,,,
21 - 23 lata,Kobieta,W3,Studia I stopnia - kolejne lata (2-4),do 15 minut,Mieszkanie wynajmowane pod studia,Mieszkam sam/a,5,2,3,5,4,4,1,1 - 2,raz w miesiącu,5,singiel/singielka,5,3,4,nie korzystam,3 - 5,6 - 9,3 - 5,co tydzień,rzadziej lub nigdy,co miesiąc,co miesiąc,2,7 - 9,7 - 9,2,"4,0 - 4,49",7 - 11 godzin,0,"Rodzina (np. rodzice, opiekunowie)",3 000 - 4 000 zł,do 300 zł,4,Tak,Stacjonarna,11 - 20 godzin,Nie
18 - 20 lat,Kobieta,W13,Studia I stopnia - 1. rok,do 15 minut,Akademik publiczny,Współlokatorzy (wielu),4,4,4,4,4,4,3,1 - 2,raz w tygodniu,4,singiel/singielka,4,4,3,nie chcę odpowiadać,3 - 5,3 - 5,1 - 2,co tydzień,co tydzień,co tydzień,rzadziej lub nigdy,4,7 - 9,7 - 9,2,Brak - w trakcie pierwszego semestru,15 - 20 godzin,1,"Rodzina (np. rodzice, opiekunowie)",1 000 - 2 000 zł,300 - 600 zł,4,Nie,,,
18 - 20 lat,Mężczyzna,W1,Studia I stopnia - 1. rok,do 15 minut,Mieszkanie wynajmowane pod studia,Współlokatorzy (wielu),3,2,2,1,2,3,2,1 - 2,raz w miesiącu,3,singiel/singielka,3,5,4,nie korzystam,0,6 - 9,3 - 5,co miesiąc,co miesiąc,co tydzień,co kilka dni,4,7 - 9,7 - 9,3,"3,5 - 3,99",powyżej 20 godzin,0,"Rodzina (np. rodzice, opiekunowie)",1 000 - 2 000 zł,do 300 zł,3,Nie,,,
21 - 23 lata,Kobieta,W11,Studia I stopnia - kolejne lata (2-4),31 - 45 minut,Mieszkanie wynajmowane pod studia,Współlokator (jeden),5,3,4,5,3,4,3,3 - 5,rzadziej niż raz w miesiącu,5,w związku,5,4,4,kilka razy w roku,1 - 2,3 - 5,1 - 2,rzadziej lub nigdy,rzadziej lub nigdy,co miesiąc,codziennie,5,7 - 9,7 - 9,1,"4,0 - 4,49",15 - 20 godzin,0,"Rodzina (np. rodzice, opiekunowie)",3 000 - 4 000 zł,do 300 zł,4,Tak,Zdalna,do 10 godzin,Częściowo
18 - 20 lat,Kobieta,W11,Studia I stopnia - kolejne lata (2-4),16 - 30 minut,Mieszkanie wynajmowane pod studia,Współlokator (jeden),4,3,4,5,1,3,2,3 - 5,codziennie,5,singiel/singielka,4,5,4,nie chcę odpowiadać,1 - 2,6 - 9,1 - 2,co miesiąc,rzadziej lub nigdy,rzadziej lub nigdy,rzadziej lub nigdy,4,5 - 6,7 - 9,1,"4,5 - 5,0",3 - 6 godzin,0,"Rodzina (np. rodzice, opiekunowie)",2 000 - 3 000 zł,do 300 zł,3,Nie,,,
18 - 20 lat,Mężczyzna,W13,Studia II stopnia lub ukończone studia II stopnia (magister),do 15 minut,Akademik publiczny,Współlokator (jeden),3,3,2,3,4,3,5,3 - 5,rzadziej niż raz w miesiącu,3,singiel/singielka,2,2,4,nie korzystam,0,6 - 9,1 - 2,rzadziej lub nigdy,rzadziej lub nigdy,rzadziej lub nigdy,rzadziej lub nigdy,4,7 - 9,7 - 9,1,Brak - w trakcie pierwszego semestru,7 - 11 godzin,0,"Stypendia (socjalne, naukowe lub inne)",1 000 - 2 000 zł,do 300 zł,1,Nie,,,
18 - 20 lat,Kobieta,W1,Studia I stopnia - 1. rok,do 15 minut,Akademik publiczny,Współlokator (jeden),2,1,1,3,1,2,2,3 - 5,raz w miesiącu,2,singiel/singielka,3,5,2,kilka razy w roku,1 - 2,3 - 5,1 - 2,co miesiąc,co kilka dni,rzadziej lub nigdy,rzadziej lub nigdy,4,5 - 6,7 - 9,4,Brak - w trakcie pierwszego semestru,3 - 6 godzin,0,"Stypendia (socjalne, naukowe lub inne)",do 1 000 zł,do 300 zł,2,Nie,,,
24 - 26 lat,Mężczyzna,W11,Studia I stopnia - kolejne lata (2-4),do 15 minut,Akademik publiczny,Współlokator (jeden),3,4,3,3,3,4,3,3 - 5,raz w tygodniu,4,singiel/singielka,4,3,3,nie korzystam,3 - 5,10 i więcej,1 - 2,co miesiąc,co tydzień,co tydzień,rzadziej lub nigdy,3,7 - 9,więcej niż 9,4,"3,5 - 3,99",7 - 11 godzin,1,"Stypendia (socjalne, naukowe lub inne)",1 000 - 2 000 zł,300 - 600 zł,3,Tak,Stacjonarna,do 10 godzin,Nie
18 - 20 lat,Kobieta,W6,Studia I stopnia - kolejne lata (2-4),do 15 minut,Mieszkanie wynajmowane pod studia,Współlokator (jeden),1,1,3,2,1,1,2,3 - 5,rzadziej niż raz w miesiącu,3,singiel/singielka,4,5,3,nie korzystam,0,10 i więcej,3 - 5,co miesiąc,rzadziej lub nigdy,rzadziej lub nigdy,rzadziej lub nigdy,3,5 - 6,7 - 9,4,"4,0 - 4,49",3 - 6 godzin,0,Praca zarobkowa,2 000 - 3 000 zł,300 - 600 zł,4,Tak,Zdalna,do 10 godzin,Nie
18 - 20 lat,Kobieta,W11,Studia I stopnia - kolejne lata (2-4),do 15 minut,Mieszkanie wynajmowane pod studia,Współlokator (jeden),3,3,4,1,3,4,3,1 - 2,rzadziej niż raz w miesiącu,3,w związku,3,5,2,1-2 razy w roku,6 - 9,3 - 5,1 - 2,co tydzień,co kilka dni,rzadziej lub nigdy,co tydzień,3,7 - 9,więcej niż 9,5,"poniżej 3,5",15 - 20 godzin,0,"Rodzina (np. rodzice, opiekunowie)",1 000 - 2 000 zł,300 - 600 zł,5,Nie,,,
21 - 23 lata,Kobieta,W11,Studia I stopnia - kolejne lata (2-4),16 - 30 minut,Mieszkanie wynajmowane pod studia,Rodzina,4,3,3,4,5,5,3,6 - 9,kilka razy w tygodniu,4,w związku,4,4,5,nie korzystam,6 - 9,10 i więcej,1 - 2,co miesiąc,rzadziej lub nigdy,rzadziej lub nigdy,rzadziej lub nigdy,4,5 - 6,7 - 9,2,"4,5 - 5,0",powyżej 20 godzin,2,"Rodzina (np. rodzice, opiekunowie)",1 000 - 2 000 zł,300 - 600 zł,3,Tak,Stacjonarna,do 10 godzin,Nie
21 - 23 lata,Kobieta,"W8, W11",Studia I stopnia - kolejne lata (2-4),do 15 minut,Akademik publiczny,Współlokatorzy (wielu),3,2,3,1,2,3,1,10 i więcej,raz w tygodniu,4,singiel/singielka,3,4,2,nie korzystam,1 - 2,3 - 5,1 - 2,co kilka dni,rzadziej lub nigdy,co miesiąc,rzadziej lub nigdy,2,7 - 9,więcej niż 9,2,"3,5 - 3,99",7 - 11 godzin,2,"Rodzina (np. rodzice, opiekunowie)",1 000 - 2 000 zł,do 300 zł,5,Nie,,,
24 - 26 lat,Kobieta,W11,Ukończone studia I stopnia (licencjat/inżynier),16 - 30 minut,Mieszkanie wynajmowane pod studia,Współlokator (jeden),2,3,2,3,2,1,1,3 - 5,rzadziej niż raz w miesiącu,5,w związku,3,5,1,nie korzystam,0,6 - 9,1 - 2,co tydzień,rzadziej lub nigdy,co tydzień,rzadziej lub nigdy,3,5 - 6,7 - 9,4,"powyżej 5,0",11 - 15 godzin,1,"Rodzina (np. rodzice, opiekunowie)",1 000 - 2 000 zł,300 - 600 zł,3,Nie,,,
18 - 20 lat,Mężczyzna,W4,Studia I stopnia - 1. rok,do 15 minut,Akademik publiczny,Współlokator (jeden),3,3,2,2,3,1,3,3 - 5,raz w miesiącu,2,singiel/singielka,4,4,2,nie korzystam,0,6 - 9,3 - 5,co kilka dni,co miesiąc,rzadziej lub nigdy,rzadziej lub nigdy,2,5 - 6,więcej niż 9,5,Brak - w trakcie pierwszego semestru,3 - 6 godzin,0,"Rodzina (np. rodzice, opiekunowie)",1 000 - 2 000 zł,300 - 600 zł,1,Nie,,,
24 - 26 lat,Mężczyzna,W11,Ukończone studia I stopnia (licencjat/inżynier),16 - 30 minut,Mieszkanie wynajmowane pod studia,Współlokator (jeden),4,4,4,4,4,5,4,6 - 9,kilka razy w tygodniu,4,w związku,4,1,4,nie korzystam,3 - 5,6 - 9,0,co tydzień,rzadziej lub nigdy,co miesiąc,rzadziej lub nigdy,4,7 - 9,7 - 9,1,"4,0 - 4,49",7 - 11 godzin,1,"Rodzina (np. rodzice, opiekunowie)",2 000 - 3 000 zł,300 - 600 zł,4,Nie,,,
21 - 23 lata,Mężczyzna,W2,Studia I stopnia - kolejne lata (2-4),31 - 45 minut,Mieszkanie wynajmowane pod studia,Współlokatorzy (wielu),3,3,4,3,2,2,2,3 - 5,codziennie,4,w związku,4,4,2,nie korzystam,1 - 2,6 - 9,3 - 5,co kilka dni,co kilka dni,co miesiąc,codziennie,3,5 - 6,więcej niż 9,3,"3,5 - 3,99",7 - 11 godzin,0,"Stypendia (socjalne, naukowe lub inne)",1 000 - 2 000 zł,do 300 zł,4,Nie,,,
21 - 23 lata,Kobieta,W11,Studia I stopnia - kolejne lata (2-4),do 15 minut,Mieszkanie wynajmowane pod studia,Współlokator (jeden),4,3,3,2,4,4,4,3 - 5,kilka razy w tygodniu,4,w związku,4,3,4,kilka razy w roku,3 - 5,6 - 9,1 - 2,co tydzień,rzadziej lub nigdy,co miesiąc,rzadziej lub nigdy,4,7 - 9,7 - 9,1,"3,5 - 3,99",7 - 11 godzin,0,"Rodzina (np. rodzice, opiekunowie)",2 000 - 3 000 zł,300 - 600 zł,4,Nie,,,
24 - 26 lat,Kobieta,W11,Ukończone studia I stopnia (licencjat/inżynier),do 15 minut,Mieszkanie wynajmowane pod studia,Współlokator (jeden),2,4,2,2,2,3,2,3 - 5,raz w tygodniu,3,w związku,3,5,2,raz w tygodniu,0,6 - 9,3 - 5,co kilka dni,co miesiąc,co miesiąc,codziennie,2,5 - 6,7 - 9,4,"4,0 - 4,49",7 - 11 godzin,0,"Rodzina (np. rodzice, opiekunowie)",3 000 - 4 000 zł,do 300 zł,2,Nie,,,
21 - 23 lata,Kobieta,W4,Studia I stopnia - kolejne lata (2-4),do 15 minut,Mieszkanie wynajmowane pod studia,Współlokator (jeden),5,3,4,3,4,5,4,6 - 9,kilka razy w tygodniu,4,zaręczony/zaręczona,5,3,5,nie korzystam,1 - 2,10 i więcej,3 - 5,co kilka dni,rzadziej lub nigdy,rzadziej lub nigdy,codziennie,2,7 - 9,7 - 9,2,"4,0 - 4,49",0 - 2 godziny,2,"Rodzina (np. rodzice, opiekunowie)",2 000 - 3 000 zł,600 - 1 000 zł,4,Nie,,,
18 - 20 lat,Kobieta,W1,Studia I stopnia - 1. rok,16 - 30 minut,Mieszkanie wynajmowane pod studia,Współlokatorzy (wielu),2,2,1,1,2,2,2,3 - 5,codziennie,4,singiel/singielka,5,3,3,nie korzystam,0,6 - 9,1 - 2,co kilka dni,rzadziej lub nigdy,rzadziej lub nigdy,rzadziej lub nigdy,2,7 - 9,więcej niż 9,2,"4,0 - 4,49",15 - 20 godzin,0,"Rodzina (np. rodzice, opiekunowie)",2 000 - 3 000 zł,300 - 600 zł,3,Nie,,,
18 - 20 lat,Kobieta,W1,Studia I stopnia - 1. rok,16 - 30 minut,Mieszkanie wynajmowane pod studia,Współlokator (jeden),4,4,3,3,4,5,3,1 - 2,raz w miesiącu,4,w związku,5,3,4,nie korzystam,1 - 2,3 - 5,0,co miesiąc,rzadziej lub nigdy,co miesiąc,rzadziej lub nigdy,3,7 - 9,7 - 9,3,"4,5 - 5,0",3 - 6 godzin,2,"Rodzina (np. rodzice, opiekunowie)",2 000 - 3 000 zł,300 - 600 zł,3,Tak,Hybrydowa,do 10 godzin,Tak
18 - 20 lat,Kobieta,W1,Studia I stopnia - 1. rok,do 15 minut,Mieszkanie wynajmowane pod studia,Współlokator (jeden),2,1,2,3,2,3,1,3 - 5,raz w miesiącu,4,singiel/singielka,5,5,4,nie korzystam,1 - 2,10 i więcej,10 i więcej,co tydzień,co kilka dni,co miesiąc,codziennie,2,3 - 4,więcej niż 9,5,"3,5 - 3,99",7 - 11 godzin,0,"Rodzina (np. rodzice, opiekunowie)",2 000 - 3 000 zł,300 - 600 zł,4,Nie,,,
18 - 20 lat,Kobieta,W1,Studia I stopnia - kolejne lata (2-4),46 - 60 minut,Dom/mieszkanie rodzinne,Rodzina,1,1,1,3,1,1,1,6 - 9,raz w tygodniu,4,w związku,2,5,1,nie korzystam,3 - 5,6 - 9,1 - 2,co tydzień,rzadziej lub nigdy,rzadziej lub nigdy,co kilka dni,4,5 - 6,więcej niż 9,3,"4,5 - 5,0",11 - 15 godzin,0,"Rodzina (np. rodzice, opiekunowie)",do 1 000 zł,do 300 zł,2,Tak,Stacjonarna,do 10 godzin,Nie
21 - 23 lata,Kobieta,W1,Studia I stopnia - 1. rok,31 - 45 minut,Mieszkanie wynajmowane pod studia,Mieszkam sam/a,3,3,3,2,2,2,1,1 - 2,rzadziej niż raz w miesiącu,3,w związku,4,5,2,raz w tygodniu,0,10 i więcej,1 - 2,co miesiąc,rzadziej lub nigdy,rzadziej lub nigdy,rzadziej lub nigdy,3,5 - 6,7 - 9,5,"4,5 - 5,0",powyżej 20 godzin,0,Praca zarobkowa,do 1 000 zł,do 300 zł,4,Tak,Zdalna,11 - 20 godzin,Częściowo
18 - 20 lat,Mężczyzna,W2,Studia I stopnia - kolejne lata (2-4),31 - 45 minut,Dom/mieszkanie rodzinne,Rodzina,3,2,2,5,3,2,2,3 - 5,raz w miesiącu,4,singiel/singielka,4,4,3,nie korzystam,3 - 5,3 - 5,1 - 2,rzadziej lub nigdy,co kilka dni,rzadziej lub nigdy,rzadziej lub nigdy,5,7 - 9,więcej niż 9,4,"4,0 - 4,49",powyżej 20 godzin,0,"Stypendia (socjalne, naukowe lub inne)",do 1 000 zł,do 300 zł,3,Nie,,,
18 - 20 lat,Mężczyzna,W1,Studia I stopnia - kolejne lata (2-4),do 15 minut,Mieszkanie wynajmowane pod studia,Współlokator (jeden),4,4,5,3,3,2,2,6 - 9,raz w miesiącu,3,singiel/singielka,3,3,4,nie korzystam,1 - 2,6 - 9,1 - 2,co miesiąc,rzadziej lub nigdy,co miesiąc,rzadziej lub nigdy,4,5 - 6,7 - 9,4,"4,5 - 5,0",powyżej 20 godzin,1,"Rodzina (np. rodzice, opiekunowie)",1 000 - 2 000 zł,300 - 600 zł,5,Nie,,,
18 - 20 lat,Mężczyzna,W11,Studia I stopnia - kolejne lata (2-4),do 15 minut,Akademik publiczny,Współlokator (jeden),3,3,5,5,2,3,2,1 - 2,raz w miesiącu,4,w związku,5,1,4,nie korzystam,6 - 9,3 - 5,1 - 2,co miesiąc,rzadziej lub nigdy,rzadziej lub nigdy,rzadziej lub nigdy,4,7 - 9,7 - 9,2,"4,5 - 5,0",7 - 11 godzin,0,"Rodzina (np. rodzice, opiekunowie)",1 000 - 2 000 zł,300 - 600 zł,5,Nie,,,
18 - 20 lat,Kobieta,W13,Studia I stopnia - 1. rok,do 15 minut,Mieszkanie wynajmowane pod studia,Współlokator (jeden),4,3,4,2,2,5,3,10 i więcej,kilka razy w tygodniu,4,singiel/singielka,3,4,2,nie korzystam,1 - 2,6 - 9,1 - 2,co miesiąc,co tydzień,co tydzień,co kilka dni,2,5 - 6,7 - 9,3,Brak - w trakcie pierwszego semestru,15 - 20 godzin,0,"Rodzina (np. rodzice, opiekunowie)",2 000 - 3 000 zł,300 - 600 zł,3,Nie,,,
18 - 20 lat,Kobieta,W2,Studia I stopnia - kolejne lata (2-4),16 - 30 minut,Mieszkanie wynajmowane pod studia,Współlokatorzy (wielu),4,3,3,3,3,4,1,1 - 2,raz w tygodniu,3,singiel/singielka,3,4,2,nie korzystam,1 - 2,6 - 9,3 - 5,co kilka dni,co tydzień,rzadziej lub nigdy,rzadziej lub nigdy,2,5 - 6,7 - 9,4,"3,5 - 3,99",11 - 15 godzin,0,"Rodzina (np. rodzice, opiekunowie)",2 000 - 3 000 zł,do 300 zł,3,Nie,,,
18 - 20 lat,Mężczyzna,W11,Studia I stopnia - 1. rok,16 - 30 minut,Mieszkanie wynajmowane pod studia,Współlokatorzy (wielu),3,2,2,1,2,2,5,3 - 5,raz w tygodniu,2,singiel/singielka,5,1,5,nie korzystam,0,6 - 9,3 - 5,co tydzień,codziennie,co kilka dni,codziennie,2,5 - 6,więcej niż 9,4,Brak - w trakcie pierwszego semestru,0 - 2 godziny,0,"Rodzina (np. rodzice, opiekunowie)",1 000 - 2 000 zł,300 - 600 zł,3,Nie,,,
18 - 20 lat,Mężczyzna,W11,Studia I stopnia - 1. rok,16 - 30 minut,Dom/mieszkanie rodzinne,Rodzina,5,3,5,4,3,5,4,6 - 9,kilka razy w tygodniu,4,singiel/singielka,4,4,2,nie korzystam,6 - 9,3 - 5,1 - 2,co miesiąc,rzadziej lub nigdy,co kilka dni,co miesiąc,4,7 - 9,7 - 9,3,Brak - w trakcie pierwszego semestru,3 - 6 godzin,3 lub więcej,"Rodzina (np. rodzice, opiekunowie)",1 000 - 2 000 zł,300 - 600 zł,5,Nie,,,
18 - 20 lat,Kobieta,W11,Studia I stopnia - 1. rok,16 - 30 minut,Mieszkanie wynajmowane pod studia,Współlokator (jeden),4,4,5,3,3,5,2,6 - 9,kilka razy w tygodniu,4,singiel/singielka,5,4,2,nie korzystam,3 - 5,6 - 9,1 - 2,co miesiąc,co tydzień,rzadziej lub nigdy,rzadziej lub nigdy,3,5 - 6,7 - 9,5,Brak - w trakcie pierwszego semestru,15 - 20 godzin,0,"Rodzina (np. rodzice, opiekunowie)",1 000 - 2 000 zł,300 - 600 zł,5,Nie,,,
18 - 20 lat,Kobieta,W11,Studia I stopnia - 1. rok,do 15 minut,Mieszkanie wynajmowane pod studia,Mieszkam sam/a,3,1,5,3,1,4,1,3 - 5,raz w miesiącu,2,singiel/singielka,5,5,2,kilka razy w roku,1 - 2,3 - 5,0,co miesiąc,rzadziej lub nigdy,rzadziej lub nigdy,rzadziej lub nigdy,4,7 - 9,7 - 9,3,Brak - w trakcie pierwszego semestru,powyżej 20 godzin,1,"Rodzina (np. rodzice, opiekunowie)",powyżej 4 000 zł,300 - 600 zł,5,Nie,,,
21 - 23 lata,Mężczyzna,W1,Studia I stopnia - kolejne lata (2-4),do 15 minut,Mieszkanie wynajmowane pod studia,Współlokator (jeden),2,1,2,3,1,4,1,1 - 2,raz w tygodniu,3,w związku,2,5,1,nie korzystam,1 - 2,6 - 9,3 - 5,codziennie,codziennie,co kilka dni,codziennie,1,3 - 4,więcej niż 9,5,"poniżej 3,5",7 - 11 godzin,0,"Rodzina (np. rodzice, opiekunowie)",1 000 - 2 000 zł,300 - 600 zł,2,Nie,,,
21 - 23 lata,Kobieta,W11,Studia I stopnia - kolejne lata (2-4),16 - 30 minut,Mieszkanie wynajmowane pod studia,Mieszkam sam/a,3,3,2,2,3,1,3,1 - 2,raz w miesiącu,1,singiel/singielka,4,4,4,1-2 razy w roku,1 - 2,3 - 5,1 - 2,co tydzień,rzadziej lub nigdy,rzadziej lub nigdy,rzadziej lub nigdy,3,5 - 6,7 - 9,5,"4,0 - 4,49",7 - 11 godzin,1,"Rodzina (np. rodzice, opiekunowie)",2 000 - 3 000 zł,do 300 zł,4,Nie,,,
21 - 23 lata,Mężczyzna,W11,Studia I stopnia - kolejne lata (2-4),16 - 30 minut,Dom/mieszkanie rodzinne,Rodzina,4,4,3,3,3,5,1,3 - 5,rzadziej niż raz w miesiącu,4,zaręczony/zaręczona,4,5,3,nie korzystam,1 - 2,6 - 9,1 - 2,co miesiąc,rzadziej lub nigdy,co miesiąc,rzadziej lub nigdy,4,5 - 6,7 - 9,3,"3,5 - 3,99",powyżej 20 godzin,3 lub więcej,Praca zarobkowa,do 1 000 zł,do 300 zł,3,Tak,Stacjonarna,21 - 30 godzin,Tak
21 - 23 lata,Kobieta,W11,Studia I stopnia - kolejne lata (2-4),do 15 minut,Inne,Współlokatorzy (wielu),4,3,3,3,4,5,2,3 - 5,rzadziej niż raz w miesiącu,4,zaręczony/zaręczona,4,5,3,nie korzystam,1 - 2,10 i więcej,1 - 2,co miesiąc,co miesiąc,rzadziej lub nigdy,rzadziej lub nigdy,4,7 - 9,więcej niż 9,4,"3,5 - 3,99",11 - 15 godzin,1,Praca zarobkowa,do 1 000 zł,do 300 zł,5,Tak,Stacjonarna,11 - 20 godzin,Tak
21 - 23 lata,Kobieta,W11,Studia I stopnia - kolejne lata (2-4),16 - 30 minut,Akademik publiczny,Współlokator (jeden),4,5,4,5,4,3,3,1 - 2,raz w miesiącu,4,w związku,4,3,4,nie korzystam,3 - 5,6 - 9,3 - 5,co kilka dni,rzadziej lub nigdy,co miesiąc,rzadziej lub nigdy,3,7 - 9,więcej niż 9,2,"4,5 - 5,0",7 - 11 godzin,1,"Rodzina (np. rodzice, opiekunowie)",2 000 - 3 000 zł,do 300 zł,5,Tak,Stacjonarna,11 - 20 godzin,Tak
18 - 20 lat,Kobieta,W9,Studia I stopnia - 1. rok,do 15 minut,Inne,Mieszkam sam/a,4,5,4,4,3,2,3,1 - 2,raz w miesiącu,1,singiel/singielka,3,3,4,nie korzystam,3 - 5,10 i więcej,3 - 5,co tydzień,co kilka dni,rzadziej lub nigdy,rzadziej lub nigdy,3,5 - 6,7 - 9,3,Brak - w trakcie pierwszego semestru,3 - 6 godzin,1,"Rodzina (np. rodzice, opiekunowie)",1 000 - 2 000 zł,do 300 zł,4,Nie,,,
18 - 20 lat,Mężczyzna,W11,Studia I stopnia - kolejne lata (2-4),do 15 minut,Mieszkanie wynajmowane pod studia,Mieszkam sam/a,3,3,3,3,2,2,1,3 - 5,raz w miesiącu,4,w związku,5,3,4,nie korzystam,3 - 5,3 - 5,1 - 2,rzadziej lub nigdy,rzadziej lub nigdy,rzadziej lub nigdy,rzadziej lub nigdy,4,7 - 9,7 - 9,1,"3,5 - 3,99",15 - 20 godzin,0,"Rodzina (np. rodzice, opiekunowie)",1 000 - 2 000 zł,300 - 600 zł,5,Tak,Zdalna,do 10 godzin,Częściowo
21 - 23 lata,Kobieta,W8,Studia I stopnia - kolejne lata (2-4),31 - 45 minut,Mieszkanie wynajmowane pod studia,Współlokator (jeden),4,3,2,4,4,5,4,3 - 5,raz w tygodniu,4,singiel/singielka,4,3,4,nie korzystam,1 - 2,6 - 9,1 - 2,co tydzień,co miesiąc,co tydzień,co miesiąc,3,5 - 6,7 - 9,1,"4,0 - 4,49",11 - 15 godzin,0,"Rodzina (np. rodzice, opiekunowie)",3 000 - 4 000 zł,600 - 1 000 zł,3,Nie,,,
18 - 20 lat,Kobieta,W11,Studia I stopnia - 1. rok,do 15 minut,Akademik publiczny,Mieszkam sam/a,2,3,3,2,3,5,5,3 - 5,codziennie,5,w związku,4,3,2,nie korzystam,0,6 - 9,3 - 5,codziennie,codziennie,co kilka dni,codziennie,1,5 - 6,7 - 9,2,Brak - w trakcie pierwszego semestru,7 - 11 godzin,0,"Rodzina (np. rodzice, opiekunowie)",1 000 - 2 000 zł,300 - 600 zł,1,Nie,,,
18 - 20 lat,Kobieta,W10,Studia I stopnia - 1. rok,do 15 minut,Mieszkanie wynajmowane pod studia,Współlokatorzy (wielu),3,3,4,4,2,4,3,3 - 5,raz w tygodniu,4,singiel/singielka,5,4,3,nie korzystam,0,3 - 5,1 - 2,co kilka dni,rzadziej lub nigdy,co tydzień,rzadziej lub nigdy,4,5 - 6,7 - 9,5,Brak - w trakcie pierwszego semestru,11 - 15 godzin,0,"Rodzina (np. rodzice, opiekunowie)",1 000 - 2 000 zł,do 300 zł,5,Nie,,,
18 - 20 lat,Kobieta,W4,Studia I stopnia - 1. rok,16 - 30 minut,Akademik publiczny,Współlokatorzy (wielu),4,3,2,3,4,4,3,1 - 2,rzadziej niż raz w miesiącu,4,singiel/singielka,4,2,4,nie korzystam,1 - 2,6 - 9,1 - 2,co tydzień,rzadziej lub nigdy,rzadziej lub nigdy,rzadziej lub nigdy,4,7 - 9,7 - 9,2,Brak - w trakcie pierwszego semestru,7 - 11 godzin,2,"Rodzina (np. rodzice, opiekunowie)",1 000 - 2 000 zł,do 300 zł,3,Nie,,,
21 - 23 lata,Mężczyzna,W2,Studia I stopnia - kolejne lata (2-4),powyżej 60 minut,Dom/mieszkanie rodzinne,Rodzina,2,2,1,4,3,3,2,1 - 2,raz w tygodniu,4,singiel/singielka,3,1,2,nie korzystam,3 - 5,6 - 9,3 - 5,co kilka dni,co kilka dni,co miesiąc,co miesiąc,2,5 - 6,7 - 9,4,"3,5 - 3,99",0 - 2 godziny,0,Praca zarobkowa,do 1 000 zł,300 - 600 zł,2,Tak,Stacjonarna,do 10 godzin,Nie
21 - 23 lata,Mężczyzna,W10,Studia I stopnia - kolejne lata (2-4),16 - 30 minut,Mieszkanie wynajmowane pod studia,Współlokatorzy (wielu),4,3,2,1,3,2,2,3 - 5,raz w tygodniu,5,singiel/singielka,1,3,2,nie korzystam,1 - 2,10 i więcej,1 - 2,co kilka dni,co miesiąc,co tydzień,codziennie,4,7 - 9,7 - 9,2,"3,5 - 3,99",15 - 20 godzin,2,"Rodzina (np. rodzice, opiekunowie)",1 000 - 2 000 zł,600 - 1 000 zł,2,Nie,,,
21 - 23 lata,Kobieta,W11,Studia I stopnia - kolejne lata (2-4),16 - 30 minut,Mieszkanie wynajmowane pod studia,Współlokatorzy (wielu),4,3,2,4,4,5,3,6 - 9,kilka razy w tygodniu,5,singiel/singielka,2,4,3,nie korzystam,1 - 2,3 - 5,3 - 5,co miesiąc,co tydzień,co tydzień,codziennie,2,5 - 6,więcej niż 9,4,"3,5 - 3,99",11 - 15 godzin,0,"Świadczenia publiczne lub prywatne (np. renta, alimenty)",1 000 - 2 000 zł,300 - 600 zł,2,Nie,,,
21 - 23 lata,Kobieta,W11,Studia I stopnia - kolejne lata (2-4),16 - 30 minut,Mieszkanie wynajmowane pod studia,Współlokator (jeden),4,4,4,4,3,2,2,3 - 5,raz w miesiącu,3,w związku,4,4,2,nie korzystam,1 - 2,6 - 9,3 - 5,co kilka dni,co miesiąc,co tydzień,rzadziej lub nigdy,3,5 - 6,więcej niż 9,3,"4,0 - 4,49",7 - 11 godzin,1,"Rodzina (np. rodzice, opiekunowie)",1 000 - 2 000 zł,300 - 600 zł,5,Tak,Stacjonarna,21 - 30 godzin,Tak
21 - 23 lata,Kobieta,W11,Studia I stopnia - 1. rok,do 15 minut,Mieszkanie wynajmowane pod studia,Współlokatorzy (wielu),3,5,1,2,4,5,1,1 - 2,rzadziej niż raz w miesiącu,3,w związku,2,5,4,raz w tygodniu,0,3 - 5,1 - 2,co kilka dni,co tydzień,rzadziej lub nigdy,rzadziej lub nigdy,3,7 - 9,więcej niż 9,1,Brak - w trakcie pierwszego semestru,11 - 15 godzin,0,Praca zarobkowa,2 000 - 3 000 zł,300 - 600 zł,1,Tak,Zdalna,11 - 20 godzin,Częściowo
18 - 20 lat,Mężczyzna,W4,Studia I stopnia - 1. rok,31 - 45 minut,Mieszkanie wynajmowane pod studia,Współlokator (jeden),4,2,3,5,4,4,4,3 - 5,kilka razy w tygodniu,4,singiel/singielka,5,3,4,nie korzystam,3 - 5,3 - 5,1 - 2,co tydzień,rzadziej lub nigdy,rzadziej lub nigdy,rzadziej lub nigdy,3,7 - 9,7 - 9,2,Brak - w trakcie pierwszego semestru,11 - 15 godzin,0,"Rodzina (np. rodzice, opiekunowie)",1 000 - 2 000 zł,do 300 zł,3,Nie,,,
21 - 23 lata,Mężczyzna,W4,Studia I stopnia - 1. rok,do 15 minut,Mieszkanie wynajmowane pod studia,Współlokatorzy (wielu),5,3,3,3,4,5,3,6 - 9,raz w tygodniu,4,w związku,5,3,4,nie korzystam,3 - 5,6 - 9,1 - 2,co tydzień,co miesiąc,rzadziej lub nigdy,rzadziej lub nigdy,3,7 - 9,7 - 9,1,Brak - w trakcie pierwszego semestru,11 - 15 godzin,0,"Rodzina (np. rodzice, opiekunowie)",1 000 - 2 000 zł,do 300 zł,3,Nie,,,
18 - 20 lat,Kobieta,W13,Studia I stopnia - 1. rok,do 15 minut,Akademik publiczny,Współlokator (jeden),2,2,3,5,3,3,3,1 - 2,raz w miesiącu,3,singiel/singielka,3,4,3,nie korzystam,3 - 5,3 - 5,3 - 5,co miesiąc,rzadziej lub nigdy,rzadziej lub nigdy,rzadziej lub nigdy,3,7 - 9,7 - 9,3,Brak - w trakcie pierwszego semestru,7 - 11 godzin,0,"Stypendia (socjalne, naukowe lub inne)",do 1 000 zł,do 300 zł,3,Tak,Zdalna,do 10 godzin,Tak
18 - 20 lat,Kobieta,W1,Studia I stopnia - kolejne lata (2-4),16 - 30 minut,Mieszkanie wynajmowane pod studia,Współlokatorzy (wielu),5,3,4,1,4,5,2,3 - 5,raz w tygodniu,5,w związku,5,4,4,nie korzystam,1 - 2,6 - 9,1 - 2,co kilka dni,co kilka dni,co miesiąc,rzadziej lub nigdy,3,5 - 6,7 - 9,3,"4,5 - 5,0",powyżej 20 godzin,2,Praca zarobkowa,1 000 - 2 000 zł,300 - 600 zł,4,Tak,Hybrydowa,21 - 30 godzin,Tak
21 - 23 lata,Kobieta,W3,Studia I stopnia - kolejne lata (2-4),do 15 minut,Mieszkanie wynajmowane pod studia,Współlokator (jeden),4,3,5,3,3,5,4,3 - 5,rzadziej niż raz w miesiącu,5,w związku,5,4,3,raz w tygodniu,1 - 2,6 - 9,1 - 2,co miesiąc,co kilka dni,rzadziej lub nigdy,rzadziej lub nigdy,3,7 - 9,7 - 9,2,"4,0 - 4,49",powyżej 20 godzin,1,"Rodzina (np. rodzice, opiekunowie)",3 000 - 4 000 zł,300 - 600 zł,5,Nie,,,
24 - 26 lat,Kobieta,W10,Studia II stopnia lub ukończone studia II stopnia (magister),16 - 30 minut,Mieszkanie wynajmowane pod studia,Współlokatorzy (wielu),2,1,1,1,1,1,1,3 - 5,raz w miesiącu,3,zaręczony/zaręczona,3,5,3,kilka razy w roku,3 - 5,1 - 2,1 - 2,co miesiąc,rzadziej lub nigdy,co miesiąc,co miesiąc,4,7 - 9,7 - 9,5,"4,0 - 4,49",15 - 20 godzin,0,"Rodzina (np. rodzice, opiekunowie)",2 000 - 3 000 zł,do 300 zł,2,Nie,,,
21 - 23 lata,Kobieta,W2,Studia II stopnia lub ukończone studia II stopnia (magister),16 - 30 minut,Mieszkanie wynajmowane pod studia,Współlokator (jeden),4,4,3,4,4,5,3,1 - 2,raz w miesiącu,4,w związku,5,5,4,nie korzystam,3 - 5,10 i więcej,1 - 2,co tydzień,co kilka dni,co miesiąc,codziennie,4,7 - 9,7 - 9,1,"4,5 - 5,0",11 - 15 godzin,0,Praca zarobkowa,2 000 - 3 000 zł,600 - 1 000 zł,3,Tak,Hybrydowa,11 - 20 godzin,Tak
18 - 20 lat,Mężczyzna,W4,Studia I stopnia - 1. rok,16 - 30 minut,Mieszkanie wynajmowane pod studia,Współlokatorzy (wielu),4,4,4,4,4,3,3,1 - 2,rzadziej niż raz w miesiącu,4,singiel/singielka,5,3,4,nie korzystam,1 - 2,3 - 5,1 - 2,rzadziej lub nigdy,co miesiąc,rzadziej lub nigdy,rzadziej lub nigdy,4,7 - 9,7 - 9,2,Brak - w trakcie pierwszego semestru,0 - 2 godziny,1,"Rodzina (np. rodzice, opiekunowie)",1 000 - 2 000 zł,300 - 600 zł,4,Nie,,,
21 - 23 lata,Mężczyzna,W13,Ukończone studia I stopnia (licencjat/inżynier),do 15 minut,Mieszkanie wynajmowane pod studia,Współlokatorzy (wielu),2,1,3,2,2,4,4,3 - 5,rzadziej niż raz w miesiącu,5,w związku,4,2,2,nie korzystam,0,6 - 9,3 - 5,co kilka dni,co tydzień,rzadziej lub nigdy,rzadziej lub nigdy,3,7 - 9,więcej niż 9,4,"3,5 - 3,99",0 - 2 godziny,1,Praca zarobkowa,2 000 - 3 000 zł,600 - 1 000 zł,3,Tak,Zdalna,11 - 20 godzin,Częściowo
21 - 23 lata,Mężczyzna,W12,Studia I stopnia - kolejne lata (2-4),16 - 30 minut,Akademik publiczny,Współlokatorzy (wielu),5,3,5,5,4,3,5,6 - 9,raz w tygodniu,4,singiel/singielka,3,2,5,1-2 razy w roku,6 - 9,6 - 9,1 - 2,co tydzień,rzadziej lub nigdy,rzadziej lub nigdy,rzadziej lub nigdy,3,7 - 9,7 - 9,3,"3,5 - 3,99",7 - 11 godzin,2,"Stypendia (socjalne, naukowe lub inne)",1 000 - 2 000 zł,300 - 600 zł,5,Nie,,,
21 - 23 lata,Mężczyzna,W4,Studia I stopnia - kolejne lata (2-4),16 - 30 minut,Inne,Współlokatorzy (wielu),5,5,4,4,3,4,5,3 - 5,kilka razy w tygodniu,5,singiel/singielka,5,4,5,nie korzystam,1 - 2,10 i więcej,1 - 2,co kilka dni,rzadziej lub nigdy,codziennie,codziennie,4,7 - 9,7 - 9,1,"4,0 - 4,49",0 - 2 godziny,0,"Rodzina (np. rodzice, opiekunowie)",1 000 - 2 000 zł,do 300 zł,5,Nie,,,
21 - 23 lata,Mężczyzna,"W4, W8",Studia I stopnia - kolejne lata (2-4),do 15 minut,Mieszkanie wynajmowane pod studia,Współlokatorzy (wielu),2,1,4,5,2,3,4,3 - 5,raz w tygodniu,3,singiel/singielka,4,1,5,nie korzystam,1 - 2,3 - 5,1 - 2,co kilka dni,rzadziej lub nigdy,co miesiąc,rzadziej lub nigdy,2,5 - 6,5 - 6,1,"3,5 - 3,99",3 - 6 godzin,0,"Rodzina (np. rodzice, opiekunowie)",1 000 - 2 000 zł,do 300 zł,5,Nie,,,
18 - 20 lat,Mężczyzna,W4,Studia I stopnia - kolejne lata (2-4),do 15 minut,Inne,Współlokatorzy (wielu),5,5,3,5,5,3,4,1 - 2,codziennie,5,singiel/singielka,4,2,4,1-2 razy w roku,10 i więcej,3 - 5,1 - 2,co miesiąc,co kilka dni,co miesiąc,codziennie,4,5 - 6,7 - 9,3,"4,0 - 4,49",3 - 6 godzin,0,Inne źródła (np. oszczędności),1 000 - 2 000 zł,do 300 zł,4,Tak,Hybrydowa,11 - 20 godzin,Częściowo
21 - 23 lata,Mężczyzna,W4,Studia I stopnia - kolejne lata (2-4),16 - 30 minut,Mieszkanie wynajmowane pod studia,Rodzina,1,1,3,3,2,2,1,1 - 2,raz w tygodniu,4,singiel/singielka,3,5,2,nie chcę odpowiadać,1 - 2,6 - 9,1 - 2,co kilka dni,co kilka dni,rzadziej lub nigdy,rzadziej lub nigdy,2,7 - 9,7 - 9,2,"poniżej 3,5",7 - 11 godzin,0,Praca zarobkowa,1 000 - 2 000 zł,do 300 zł,4,Tak,Hybrydowa,11 - 20 godzin,Tak
21 - 23 lata,Kobieta,W3,Studia I stopnia - kolejne lata (2-4),do 15 minut,Mieszkanie wynajmowane pod studia,Współlokatorzy (wielu),3,3,4,3,2,2,1,1 - 2,rzadziej niż raz w miesiącu,3,singiel/singielka,4,4,3,nie korzystam,1 - 2,10 i więcej,1 - 2,co kilka dni,co kilka dni,rzadziej lub nigdy,rzadziej lub nigdy,2,5 - 6,7 - 9,2,"4,0 - 4,49",powyżej 20 godzin,0,"Rodzina (np. rodzice, opiekunowie)",1 000 - 2 000 zł,do 300 zł,4,Tak,Stacjonarna,do 10 godzin,Nie
18 - 20 lat,Mężczyzna,W4,Studia I stopnia - 1. rok,16 - 30 minut,Mieszkanie wynajmowane pod studia,Współlokator (jeden),4,4,5,4,3,3,4,3 - 5,kilka razy w tygodniu,3,singiel/singielka,2,3,4,nie korzystam,3 - 5,3 - 5,3 - 5,co kilka dni,co miesiąc,rzadziej lub nigdy,rzadziej lub nigdy,3,5 - 6,7 - 9,1,"4,0 - 4,49",7 - 11 godzin,1,"Rodzina (np. rodzice, opiekunowie)",2 000 - 3 000 zł,300 - 600 zł,3,Nie,,,
18 - 20 lat,Mężczyzna,W4,Studia I stopnia - kolejne lata (2-4),do 15 minut,Mieszkanie wynajmowane pod studia,Współlokatorzy (wielu),4,3,4,5,3,5,4,3 - 5,kilka razy w tygodniu,5,singiel/singielka,5,5,2,nie korzystam,1 - 2,6 - 9,1 - 2,rzadziej lub nigdy,co kilka dni,co miesiąc,rzadziej lub nigdy,4,5 - 6,więcej niż 9,4,"4,5 - 5,0",3 - 6 godzin,0,"Rodzina (np. rodzice, opiekunowie)",2 000 - 3 000 zł,do 300 zł,4,Nie,,,
18 - 20 lat,Mężczyzna,W10,Studia I stopnia - kolejne lata (2-4),do 15 minut,Mieszkanie wynajmowane pod studia,Współlokatorzy (wielu),4,3,3,2,2,3,2,3 - 5,raz w miesiącu,3,w związku,4,5,3,nie korzystam,0,3 - 5,1 - 2,co tydzień,co miesiąc,co miesiąc,nie chcę odpowiadać,4,7 - 9,więcej niż 9,2,"4,0 - 4,49",7 - 11 godzin,0,"Rodzina (np. rodzice, opiekunowie)",2 000 - 3 000 zł,300 - 600 zł,4,Nie,,,
18 - 20 lat,Kobieta,W10,Studia I stopnia - kolejne lata (2-4),16 - 30 minut,Mieszkanie wynajmowane pod studia,Współlokator (jeden),4,2,1,2,2,4,2,3 - 5,raz w tygodniu,3,w związku,5,5,4,nie korzystam,1 - 2,3 - 5,3 - 5,co kilka dni,co kilka dni,co tydzień,rzadziej lub nigdy,2,5 - 6,7 - 9,2,"3,5 - 3,99",7 - 11 godzin,1,"Rodzina (np. rodzice, opiekunowie)",2 000 - 3 000 zł,300 - 600 zł,3,Nie,,,
21 - 23 lata,Kobieta,W10,Studia I stopnia - kolejne lata (2-4),do 15 minut,Mieszkanie wynajmowane pod studia,Rodzina,3,3,3,3,2,2,1,6 - 9,raz w tygodniu,4,singiel/singielka,4,5,4,kilka razy w roku,1 - 2,6 - 9,3 - 5,co tydzień,co kilka dni,rzadziej lub nigdy,co miesiąc,4,3 - 4,5 - 6,5,"3,5 - 3,99",powyżej 20 godzin,1,"Rodzina (np. rodzice, opiekunowie)",powyżej 4 000 zł,300 - 600 zł,4,Tak,Stacjonarna,do 10 godzin,Nie
18 - 20 lat,Kobieta,W10,Studia I stopnia - 1. rok,do 15 minut,Mieszkanie wynajmowane pod studia,Współlokatorzy (wielu),3,3,2,2,2,4,2,3 - 5,raz w tygodniu,4,w związku,3,5,3,nie korzystam,0,6 - 9,1 - 2,co kilka dni,co tydzień,rzadziej lub nigdy,rzadziej lub nigdy,2,3 - 4,7 - 9,4,"4,0 - 4,49",7 - 11 godzin,0,"Rodzina (np. rodzice, opiekunowie)",1 000 - 2 000 zł,do 300 zł,2,Nie,,,
21 - 23 lata,Mężczyzna,W10,Studia I stopnia - kolejne lata (2-4),31 - 45 minut,Mieszkanie wynajmowane pod studia,Współlokator (jeden),2,2,1,2,1,1,1,1 - 2,raz w tygodniu,4,singiel/singielka,5,5,1,nie korzystam,3 - 5,3 - 5,1 - 2,co kilka dni,co kilka dni,co miesiąc,co kilka dni,2,3 - 4,więcej niż 9,5,"3,5 - 3,99",7 - 11 godzin,1,"Rodzina (np. rodzice, opiekunowie)",1 000 - 2 000 zł,do 300 zł,3,Nie,,,
18 - 20 lat,Mężczyzna,W10,Studia I stopnia - kolejne lata (2-4),do 15 minut,Mieszkanie wynajmowane pod studia,Współlokatorzy (wielu),3,1,5,2,2,4,3,6 - 9,kilka razy w tygodniu,3,w związku,3,4,5,nie korzystam,3 - 5,10 i więcej,3 - 5,co tydzień,co kilka dni,co miesiąc,co tydzień,4,7 - 9,7 - 9,2,"3,5 - 3,99",0 - 2 godziny,0,"Rodzina (np. rodzice, opiekunowie)",2 000 - 3 000 zł,600 - 1 000 zł,5,Nie,,,
21 - 23 lata,Mężczyzna,W10,Studia I stopnia - kolejne lata (2-4),46 - 60 minut,Dom/mieszkanie rodzinne,Rodzina,2,1,2,3,1,3,1,1 - 2,rzadziej niż raz w miesiącu,3,zaręczony/zaręczona,4,5,2,nie korzystam,0,3 - 5,1 - 2,co miesiąc,codziennie,co miesiąc,codziennie,4,3 - 4,7 - 9,1,"4,0 - 4,49",11 - 15 godzin,0,"Rodzina (np. rodzice, opiekunowie)",1 000 - 2 000 zł,do 300 zł,2,Nie,,,
21 - 23 lata,Mężczyzna,W10,Studia I stopnia - 1. rok,do 15 minut,Mieszkanie wynajmowane pod studia,Mieszkam sam/a,2,2,1,3,2,3,1,3 - 5,rzadziej niż raz w miesiącu,2,singiel/singielka,3,4,2,nie korzystam,3 - 5,6 - 9,1 - 2,co miesiąc,rzadziej lub nigdy,co miesiąc,rzadziej lub nigdy,4,5 - 6,5 - 6,3,"4,0 - 4,49",11 - 15 godzin,0,Inne źródła (np. oszczędności),2 000 - 3 000 zł,do 300 zł,2,Tak,Stacjonarna,11 - 20 godzin,Nie
18 - 20 lat,Mężczyzna,W10,Studia I stopnia - kolejne lata (2-4),16 - 30 minut,Dom/mieszkanie rodzinne,Rodzina,5,4,5,5,5,5,3,1 - 2,kilka razy w tygodniu,3,singiel/singielka,4,3,4,nie korzystam,10 i więcej,6 - 9,1 - 2,co miesiąc,rzadziej lub nigdy,rzadziej lub nigdy,rzadziej lub nigdy,4,7 - 9,więcej niż 9,4,"4,0 - 4,49",7 - 11 godzin,0,"Rodzina (np. rodzice, opiekunowie)",do 1 000 zł,do 300 zł,5,Nie,,,
18 - 20 lat,Mężczyzna,W10,Studia I stopnia - kolejne lata (2-4),16 - 30 minut,Mieszkanie wynajmowane pod studia,Współlokator (jeden),4,3,3,2,2,3,2,3 - 5,raz w tygodniu,2,w związku,4,4,3,nie korzystam,3 - 5,6 - 9,1 - 2,co kilka dni,co tydzień,co miesiąc,rzadziej lub nigdy,4,7 - 9,7 - 9,2,"4,0 - 4,49",11 - 15 godzin,1,"Rodzina (np. rodzice, opiekunowie)",2 000 - 3 000 zł,300 - 600 zł,2,Nie,,,
21 - 23 lata,Mężczyzna,W10,Studia I stopnia - kolejne lata (2-4),16 - 30 minut,Mieszkanie wynajmowane pod studia,Współlokatorzy (wielu),5,4,1,2,3,5,1,6 - 9,raz w miesiącu,5,singiel/singielka,5,5,3,1-2 razy w roku,0,3 - 5,1 - 2,codziennie,codziennie,co kilka dni,rzadziej lub nigdy,1,5 - 6,7 - 9,2,"3,5 - 3,99",7 - 11 godzin,1,"Rodzina (np. rodzice, opiekunowie)",powyżej 4 000 zł,do 300 zł,2,Nie,,,
18 - 20 lat,Mężczyzna,W10,Studia I stopnia - 1. rok,31 - 45 minut,Dom/mieszkanie rodzinne,Rodzina,2,1,1,3,1,3,1,1 - 2,raz w miesiącu,3,w związku,4,4,2,nie korzystam,1 - 2,6 - 9,1 - 2,co miesiąc,codziennie,rzadziej lub nigdy,codziennie,2,5 - 6,7 - 9,2,"3,5 - 3,99",11 - 15 godzin,0,"Rodzina (np. rodzice, opiekunowie)",do 1 000 zł,do 300 zł,2,Nie,,,
21 - 23 lata,Mężczyzna,W10,Studia I stopnia - kolejne lata (2-4),do 15 minut,Dom/mieszkanie rodzinne,Rodzina,4,3,2,5,3,4,3,3 - 5,kilka razy w tygodniu,5,singiel/singielka,4,5,3,nie korzystam,3 - 5,6 - 9,1 - 2,co tydzień,co kilka dni,co miesiąc,codziennie,4,3 - 4,więcej niż 9,5,"poniżej 3,5",15 - 20 godzin,0,"Rodzina (np. rodzice, opiekunowie)",do 1 000 zł,do 300 zł,3,Nie,,,
18 - 20 lat,Kobieta,W10,Studia I stopnia - 1. rok,16 - 30 minut,Mieszkanie wynajmowane pod studia,Współlokatorzy (wielu),5,4,4,2,3,4,5,6 - 9,kilka razy w tygodniu,5,singiel/singielka,5,4,4,nie korzystam,1 - 2,6 - 9,3 - 5,co tydzień,co miesiąc,co miesiąc,codziennie,2,3 - 4,7 - 9,1,"poniżej 3,5",powyżej 20 godzin,1,"Rodzina (np. rodzice, opiekunowie)",2 000 - 3 000 zł,300 - 600 zł,5,Nie,,,
18 - 20 lat,Mężczyzna,W10,Studia I stopnia - kolejne lata (2-4),do 15 minut,Mieszkanie wynajmowane pod studia,Współlokatorzy (wielu),4,3,4,2,3,3,2,6 - 9,kilka razy w tygodniu,4,singiel/singielka,5,4,3,nie korzystam,1 - 2,6 - 9,3 - 5,co kilka dni,rzadziej lub nigdy,rzadziej lub nigdy,rzadziej lub nigdy,4,7 - 9,7 - 9,2,"3,5 - 3,99",7 - 11 godzin,0,"Rodzina (np. rodzice, opiekunowie)",1 000 - 2 000 zł,do 300 zł,4,Nie,,,
21 - 23 lata,Mężczyzna,W10,Studia I stopnia - kolejne lata (2-4),16 - 30 minut,Mieszkanie wynajmowane pod studia,Współlokator (jeden),2,1,2,1,1,1,1,1 - 2,raz w tygodniu,5,singiel/singielka,3,2,1,raz w tygodniu,0,3 - 5,3 - 5,co tydzień,co tydzień,co tydzień,codziennie,2,7 - 9,więcej niż 9,5,"3,5 - 3,99",powyżej 20 godzin,0,"Rodzina (np. rodzice, opiekunowie)",2 000 - 3 000 zł,600 - 1 000 zł,3,Nie,,,
18 - 20 lat,Mężczyzna,W10,Studia I stopnia - kolejne lata (2-4),31 - 45 minut,Mieszkanie wynajmowane pod studia,Współlokator (jeden),5,3,4,5,5,5,4,3 - 5,codziennie,3,singiel/singielka,5,1,4,nie korzystam,3 - 5,10 i więcej,1 - 2,co kilka dni,co kilka dni,rzadziej lub nigdy,rzadziej lub nigdy,3,7 - 9,7 - 9,1,"3,5 - 3,99",3 - 6 godzin,0,"Rodzina (np. rodzice, opiekunowie)",2 000 - 3 000 zł,300 - 600 zł,4,Nie,,,
21 - 23 lata,Mężczyzna,W10,Studia I stopnia - kolejne lata (2-4),do 15 minut,Mieszkanie wynajmowane pod studia,Współlokatorzy (wielu),1,1,1,2,1,1,3,1 - 2,raz w miesiącu,1,singiel/singielka,2,5,1,nie korzystam,1 - 2,6 - 9,3 - 5,co tydzień,rzadziej lub nigdy,rzadziej lub nigdy,rzadziej lub nigdy,2,7 - 9,więcej niż 9,1,"poniżej 3,5",0 - 2 godziny,0,"Rodzina (np. rodzice, opiekunowie)",2 000 - 3 000 zł,do 300 zł,2,Nie,,,
18 - 20 lat,Mężczyzna,W10,Studia I stopnia - kolejne lata (2-4),do 15 minut,Akademik publiczny,Współlokator (jeden),4,4,3,4,4,3,4,1 - 2,rzadziej niż raz w miesiącu,4,singiel/singielka,5,2,4,nie korzystam,0,3 - 5,1 - 2,co tydzień,rzadziej lub nigdy,rzadziej lub nigdy,rzadziej lub nigdy,3,7 - 9,7 - 9,2,"3,5 - 3,99",3 - 6 godzin,0,"Rodzina (np. rodzice, opiekunowie)",1 000 - 2 000 zł,do 300 zł,3,Nie,,,
18 - 20 lat,Mężczyzna,W10,Studia I stopnia - kolejne lata (2-4),do 15 minut,Mieszkanie wynajmowane pod studia,Współlokator (jeden),2,2,2,4,2,1,1,1 - 2,raz w miesiącu,2,w związku,4,4,3,nie korzystam,3 - 5,6 - 9,1 - 2,co tydzień,co kilka dni,co miesiąc,codziennie,3,7 - 9,więcej niż 9,2,"3,5 - 3,99",7 - 11 godzin,0,"Rodzina (np. rodzice, opiekunowie)",2 000 - 3 000 zł,do 300 zł,3,Nie,,,
21 - 23 lata,Mężczyzna,W10,Studia I stopnia - kolejne lata (2-4),16 - 30 minut,Dom/mieszkanie rodzinne,Mieszkam sam/a,4,3,4,2,2,4,2,3 - 5,codziennie,4,w związku,3,4,3,nie korzystam,0,6 - 9,3 - 5,co kilka dni,co tydzień,rzadziej lub nigdy,rzadziej lub nigdy,2,5 - 6,7 - 9,5,"4,0 - 4,49",7 - 11 godzin,0,"Rodzina (np. rodzice, opiekunowie)",1 000 - 2 000 zł,do 300 zł,4,Nie,,,
21 - 23 lata,Kobieta,W10,Studia I stopnia - kolejne lata (2-4),16 - 30 minut,Mieszkanie wynajmowane pod studia,Współlokator (jeden),2,1,3,3,1,4,2,3 - 5,rzadziej niż raz w miesiącu,4,w związku,4,5,2,nie chcę odpowiadać,1 - 2,3 - 5,3 - 5,co miesiąc,rzadziej lub nigdy,rzadziej lub nigdy,rzadziej lub nigdy,3,5 - 6,7 - 9,4,"4,0 - 4,49",15 - 20 godzin,0,Praca zarobkowa,2 000 - 3 000 zł,do 300 zł,3,Tak,Stacjonarna,do 10 godzin,Nie
18 - 20 lat,Kobieta,W10,Studia I stopnia - kolejne lata (2-4),16 - 30 minut,Dom/mieszkanie rodzinne,Współlokator (jeden),4,1,5,3,1,1,1,3 - 5,raz w miesiącu,3,singiel/singielka,5,5,1,nie korzystam,0,3 - 5,1 - 2,co tydzień,rzadziej lub nigdy,rzadziej lub nigdy,rzadziej lub nigdy,3,3 - 4,więcej niż 9,5,"3,5 - 3,99",7 - 11 godzin,0,"Rodzina (np. rodzice, opiekunowie)",do 1 000 zł,do 300 zł,5,Nie,,,
18 - 20 lat,Mężczyzna,W10,Studia I stopnia - kolejne lata (2-4),powyżej 60 minut,Dom/mieszkanie rodzinne,Rodzina,4,4,3,4,4,4,2,1 - 2,raz w miesiącu,2,singiel/singielka,3,4,2,nie korzystam,0,6 - 9,3 - 5,co tydzień,rzadziej lub nigdy,co miesiąc,co miesiąc,2,5 - 6,7 - 9,2,"3,5 - 3,99",11 - 15 godzin,0,"Rodzina (np. rodzice, opiekunowie)",do 1 000 zł,do 300 zł,2,Nie,,,
18 - 20 lat,Wolę nie odpowiadać,W10,Studia I stopnia - kolejne lata (2-4),16 - 30 minut,Mieszkanie wynajmowane pod studia,Współlokator (jeden),4,2,3,4,1,2,2,3 - 5,rzadziej niż raz w miesiącu,4,w związku,3,5,3,nie korzystam,3 - 5,6 - 9,3 - 5,co tydzień,codziennie,rzadziej lub nigdy,codziennie,4,5 - 6,więcej niż 9,4,"3,5 - 3,99",3 - 6 godzin,0,Praca zarobkowa,2 000 - 3 000 zł,300 - 600 zł,4,Tak,Hybrydowa,do 10 godzin,Częściowo
18 - 20 lat,Mężczyzna,W10,Studia I stopnia - kolejne lata (2-4),do 15 minut,Mieszkanie wynajmowane pod studia,Współlokator (jeden),3,3,3,2,2,2,3,1 - 2,codziennie,2,singiel/singielka,4,5,3,nie korzystam,3 - 5,3 - 5,3 - 5,co tydzień,co miesiąc,co miesiąc,rzadziej lub nigdy,2,7 - 9,więcej niż 9,5,"3,5 - 3,99",0 - 2 godziny,0,"Rodzina (np. rodzice, opiekunowie)",1 000 - 2 000 zł,do 300 zł,3,Nie,,,
18 - 20 lat,Mężczyzna,W10,Studia I stopnia - kolejne lata (2-4),do 15 minut,Akademik publiczny,Współlokator (jeden),5,4,3,3,5,3,4,3 - 5,raz w tygodniu,5,w związku,5,3,4,nie korzystam,3 - 5,3 - 5,0,co kilka dni,rzadziej lub nigdy,co tydzień,rzadziej lub nigdy,2,7 - 9,7 - 9,1,"3,5 - 3,99",3 - 6 godzin,0,"Rodzina (np. rodzice, opiekunowie)",1 000 - 2 000 zł,do 300 zł,5,Tak,Hybrydowa,do 10 godzin,Częściowo
18 - 20 lat,Kobieta,W10,Studia I stopnia - 1. rok,31 - 45 minut,Mieszkanie wynajmowane pod studia,Współlokator (jeden),2,2,1,1,1,4,2,1 - 2,raz w miesiącu,4,w związku,5,4,3,nie korzystam,0,3 - 5,1 - 2,rzadziej lub nigdy,rzadziej lub nigdy,rzadziej lub nigdy,rzadziej lub nigdy,3,7 - 9,więcej niż 9,2,"4,0 - 4,49",15 - 20 godzin,1,"Rodzina (np. rodzice, opiekunowie)",2 000 - 3 000 zł,do 300 zł,3,Nie,,,
18 - 20 lat,Mężczyzna,W10,Studia I stopnia - kolejne lata (2-4),powyżej 60 minut,Dom/mieszkanie rodzinne,Rodzina,4,3,2,4,3,4,2,1 - 2,raz w tygodniu,4,w związku,4,4,3,nie korzystam,1 - 2,3 - 5,3 - 5,co miesiąc,rzadziej lub nigdy,rzadziej lub nigdy,rzadziej lub nigdy,3,5 - 6,więcej niż 9,1,"3,5 - 3,99",11 - 15 godzin,0,"Rodzina (np. rodzice, opiekunowie)",do 1 000 zł,600 - 1 000 zł,2,Nie,,,
21 - 23 lata,Mężczyzna,W10,Studia I stopnia - kolejne lata (2-4),do 15 minut,Akademik publiczny,Współlokatorzy (wielu),4,1,3,4,4,4,2,6 - 9,rzadziej niż raz w miesiącu,2,singiel/singielka,4,2,4,nie korzystam,0,6 - 9,1 - 2,co kilka dni,rzadziej lub nigdy,rzadziej lub nigdy,rzadziej lub nigdy,3,3 - 4,więcej niż 9,2,"3,5 - 3,99",7 - 11 godzin,0,"Rodzina (np. rodzice, opiekunowie)",1 000 - 2 000 zł,do 300 zł,3,Tak,Hybrydowa,do 10 godzin,Nie
21 - 23 lata,Mężczyzna,W10,Studia I stopnia - kolejne lata (2-4),16 - 30 minut,Mieszkanie wynajmowane pod studia,Współlokatorzy (wielu),4,3,3,4,4,4,4,1 - 2,rzadziej niż raz w miesiącu,4,singiel/singielka,3,3,3,nie korzystam,3 - 5,6 - 9,3 - 5,co kilka dni,rzadziej lub nigdy,rzadziej lub nigdy,rzadziej lub nigdy,4,7 - 9,7 - 9,3,"4,5 - 5,0",3 - 6 godzin,0,"Rodzina (np. rodzice, opiekunowie)",2 000 - 3 000 zł,do 300 zł,3,Tak,Stacjonarna,do 10 godzin,Nie
21 - 23 lata,Mężczyzna,W10,Studia I stopnia - 1. rok,31 - 45 minut,Dom/mieszkanie rodzinne,Rodzina,4,3,2,3,5,3,4,1 - 2,raz w miesiącu,4,singiel/singielka,5,2,3,raz w tygodniu,1 - 2,10 i więcej,3 - 5,co tydzień,co kilka dni,rzadziej lub nigdy,rzadziej lub nigdy,3,5 - 6,7 - 9,3,"poniżej 3,5",0 - 2 godziny,0,"Rodzina (np. rodzice, opiekunowie)",do 1 000 zł,do 300 zł,3,Nie,,,
21 - 23 lata,Mężczyzna,W10,Studia I stopnia - kolejne lata (2-4),powyżej 60 minut,Dom/mieszkanie rodzinne,Rodzina,1,2,1,1,2,1,1,3 - 5,rzadziej niż raz w miesiącu,4,singiel/singielka,4,3,1,nie korzystam,0,6 - 9,1 - 2,co kilka dni,codziennie,rzadziej lub nigdy,rzadziej lub nigdy,2,7 - 9,7 - 9,2,"3,5 - 3,99",3 - 6 godzin,0,"Rodzina (np. rodzice, opiekunowie)",1 000 - 2 000 zł,300 - 600 zł,1,Nie,,,
21 - 23 lata,Mężczyzna,W10,Studia I stopnia - kolejne lata (2-4),16 - 30 minut,Mieszkanie wynajmowane pod studia,Współlokatorzy (wielu),4,4,5,3,1,5,1,10 i więcej,kilka razy w tygodniu,4,singiel/singielka,5,5,4,nie korzystam,0,6 - 9,1 - 2,co tydzień,co kilka dni,co miesiąc,codziennie,4,7 - 9,więcej niż 9,3,"4,0 - 4,49",powyżej 20 godzin,1,"Rodzina (np. rodzice, opiekunowie)",1 000 - 2 000 zł,do 300 zł,4,Nie,,,
18 - 20 lat,Mężczyzna,W10,Studia I stopnia - kolejne lata (2-4),powyżej 60 minut,Dom/mieszkanie rodzinne,Rodzina,3,4,4,3,4,4,4,3 - 5,raz w tygodniu,3,singiel/singielka,4,2,3,nie korzystam,1 - 2,6 - 9,3 - 5,co kilka dni,rzadziej lub nigdy,co miesiąc,co kilka dni,4,7 - 9,7 - 9,1,"3,5 - 3,99",3 - 6 godzin,0,Praca zarobkowa,do 1 000 zł,600 - 1 000 zł,4,Tak,Stacjonarna,11 - 20 godzin,Nie
21 - 23 lata,Mężczyzna,W10,Studia I stopnia - kolejne lata (2-4),do 15 minut,Mieszkanie wynajmowane pod studia,Współlokator (jeden),3,4,2,4,1,3,2,1 - 2,raz w miesiącu,3,w związku,4,5,2,nie korzystam,1 - 2,3 - 5,1 - 2,co kilka dni,co kilka dni,co miesiąc,rzadziej lub nigdy,3,3 - 4,więcej niż 9,5,"poniżej 3,5",3 - 6 godzin,0,"Rodzina (np. rodzice, opiekunowie)",1 000 - 2 000 zł,do 300 zł,4,Nie,,,
21 - 23 lata,Mężczyzna,W10,Studia I stopnia - kolejne lata (2-4),do 15 minut,Mieszkanie wynajmowane pod studia,Współlokatorzy (wielu),3,3,4,2,3,3,2,3 - 5,raz w tygodniu,2,singiel/singielka,4,4,2,nie korzystam,1 - 2,6 - 9,1 - 2,co miesiąc,rzadziej lub nigdy,co miesiąc,codziennie,3,5 - 6,7 - 9,1,"poniżej 3,5",3 - 6 godzin,0,"Rodzina (np. rodzice, opiekunowie)",1 000 - 2 000 zł,do 300 zł,4,Nie,,,
18 - 20 lat,Kobieta,W10,Studia I stopnia - kolejne lata (2-4),do 15 minut,Mieszkanie wynajmowane pod studia,Współlokator (jeden),4,3,4,1,2,4,3,3 - 5,rzadziej niż raz w miesiącu,4,zaręczony/zaręczona,4,5,2,nie korzystam,1 - 2,6 - 9,3 - 5,co kilka dni,co tydzień,co kilka dni,rzadziej lub nigdy,3,7 - 9,7 - 9,1,"4,0 - 4,49",7 - 11 godzin,0,"Rodzina (np. rodzice, opiekunowie)",2 000 - 3 000 zł,do 300 zł,5,Nie,,,
18 - 20 lat,Kobieta,W10,Studia I stopnia - 1. rok,31 - 45 minut,Dom/mieszkanie rodzinne,Rodzina,5,3,5,5,2,4,1,1 - 2,raz w miesiącu,3,w związku,2,3,5,nie korzystam,1 - 2,3 - 5,1 - 2,co miesiąc,rzadziej lub nigdy,rzadziej lub nigdy,rzadziej lub nigdy,4,7 - 9,więcej niż 9,3,"3,5 - 3,99",7 - 11 godzin,0,"Rodzina (np. rodzice, opiekunowie)",do 1 000 zł,do 300 zł,5,Tak,Stacjonarna,do 10 godzin,Nie
18 - 20 lat,Mężczyzna,W10,Studia I stopnia - kolejne lata (2-4),31 - 45 minut,Mieszkanie wynajmowane pod studia,Współlokator (jeden),3,1,1,2,1,3,1,3 - 5,raz w tygodniu,3,w związku,4,3,3,nie korzystam,1 - 2,3 - 5,3 - 5,co kilka dni,co kilka dni,co tydzień,codziennie,2,5 - 6,7 - 9,4,"poniżej 3,5",powyżej 20 godzin,0,"Rodzina (np. rodzice, opiekunowie)",2 000 - 3 000 zł,do 300 zł,2,Tak,Stacjonarna,do 10 godzin,Nie
18 - 20 lat,Mężczyzna,W10,Studia I stopnia - kolejne lata (2-4),31 - 45 minut,Mieszkanie wynajmowane pod studia,Współlokator (jeden),3,3,3,2,3,4,2,3 - 5,raz w miesiącu,4,w związku,4,4,3,nie korzystam,0,10 i więcej,6 - 9,co kilka dni,co tydzień,co miesiąc,codziennie,2,5 - 6,więcej niż 9,3,"3,5 - 3,99",3 - 6 godzin,0,"Rodzina (np. rodzice, opiekunowie)",1 000 - 2 000 zł,do 300 zł,3,Nie,,,
18 - 20 lat,Mężczyzna,W10,Studia I stopnia - kolejne lata (2-4),do 15 minut,Mieszkanie wynajmowane pod studia,Współlokatorzy (wielu),4,4,3,4,3,3,2,3 - 5,rzadziej niż raz w miesiącu,3,singiel/singielka,4,3,3,nie korzystam,3 - 5,6 - 9,3 - 5,codziennie,co kilka dni,rzadziej lub nigdy,rzadziej lub nigdy,2,7 - 9,7 - 9,3,"4,0 - 4,49",7 - 11 godzin,2,"Rodzina (np. rodzice, opiekunowie)",2 000 - 3 000 zł,300 - 600 zł,3,Nie,,,
18 - 20 lat,Mężczyzna,W10,Studia I stopnia - 1. rok,46 - 60 minut,Dom/mieszkanie rodzinne,Rodzina,3,3,3,4,3,3,3,1 - 2,kilka razy w tygodniu,3,singiel/singielka,4,4,2,nie korzystam,6 - 9,3 - 5,1 - 2,co tydzień,co miesiąc,rzadziej lub nigdy,co miesiąc,4,7 - 9,7 - 9,4,"4,0 - 4,49",7 - 11 godzin,1,"Rodzina (np. rodzice, opiekunowie)",do 1 000 zł,do 300 zł,4,Nie,,,
18 - 20 lat,Mężczyzna,W10,Studia I stopnia - kolejne lata (2-4),31 - 45 minut,Dom/mieszkanie rodzinne,Rodzina,5,3,3,4,4,4,1,3 - 5,raz w miesiącu,4,w związku,5,2,3,nie korzystam,3 - 5,6 - 9,3 - 5,co kilka dni,co tydzień,co miesiąc,rzadziej lub nigdy,2,5 - 6,7 - 9,1,"3,5 - 3,99",powyżej 20 godzin,1,Praca zarobkowa,do 1 000 zł,300 - 600 zł,4,Tak,Stacjonarna,11 - 20 godzin,Nie
18 - 20 lat,Mężczyzna,W10,Studia I stopnia - kolejne lata (2-4),do 15 minut,Mieszkanie wynajmowane pod studia,Współlokatorzy (wielu),2,2,1,1,1,4,1,6 - 9,raz w miesiącu,1,singiel/singielka,4,5,2,nie korzystam,3 - 5,6 - 9,3 - 5,co kilka dni,codziennie,co miesiąc,rzadziej lub nigdy,3,5 - 6,więcej niż 9,3,"3,5 - 3,99",7 - 11 godzin,0,"Rodzina (np. rodzice, opiekunowie)",2 000 - 3 000 zł,do 300 zł,1,Nie,,,
18 - 20 lat,Mężczyzna,W10,Studia I stopnia - kolejne lata (2-4),16 - 30 minut,Akademik publiczny,Współlokator (jeden),2,1,3,2,1,4,3,3 - 5,kilka razy w tygodniu,3,singiel/singielka,3,2,4,nie korzystam,3 - 5,10 i więcej,10 i więcej,co tydzień,co kilka dni,co tydzień,co tydzień,5,więcej niż 9,więcej niż 9,2,"3,5 - 3,99",3 - 6 godzin,1,Inne źródła (np. oszczędności),3 000 - 4 000 zł,do 300 zł,4,Nie,,,
18 - 20 lat,Mężczyzna,W10,Studia I stopnia - kolejne lata (2-4),16 - 30 minut,Mieszkanie wynajmowane pod studia,Współlokator (jeden),1,2,5,4,1,1,1,0,rzadziej niż raz w miesiącu,1,w związku,3,5,1,nie korzystam,10 i więcej,3 - 5,1 - 2,rzadziej lub nigdy,rzadziej lub nigdy,co tydzień,codziennie,5,7 - 9,7 - 9,3,"3,5 - 3,99",11 - 15 godzin,1,Praca zarobkowa,powyżej 4 000 zł,powyżej 1 500 zł,5,Nie,,,
21 - 23 lata,Mężczyzna,W10,Studia I stopnia - kolejne lata (2-4),16 - 30 minut,Dom/mieszkanie rodzinne,Rodzina,2,2,2,3,1,4,1,3 - 5,raz w tygodniu,2,w związku,3,5,1,raz w tygodniu,3 - 5,6 - 9,3 - 5,co kilka dni,codziennie,rzadziej lub nigdy,rzadziej lub nigdy,2,5 - 6,5 - 6,5,"3,5 - 3,99",7 - 11 godzin,0,"Rodzina (np. rodzice, opiekunowie)",1 000 - 2 000 zł,300 - 600 zł,2,Nie,,,
18 - 20 lat,Mężczyzna,W10,Studia I stopnia - kolejne lata (2-4),do 15 minut,Akademik publiczny,Współlokator (jeden),2,4,1,3,2,1,4,1 - 2,rzadziej niż raz w miesiącu,3,singiel/singielka,3,4,1,nie korzystam,3 - 5,10 i więcej,3 - 5,codziennie,rzadziej lub nigdy,rzadziej lub nigdy,rzadziej lub nigdy,3,5 - 6,więcej niż 9,4,"3,5 - 3,99",11 - 15 godzin,0,"Rodzina (np. rodzice, opiekunowie)",2 000 - 3 000 zł,do 300 zł,2,Nie,,,
21 - 23 lata,Mężczyzna,W10,Studia I stopnia - kolejne lata (2-4),do 15 minut,Akademik publiczny,Współlokatorzy (wielu),2,2,1,1,1,5,2,3 - 5,kilka razy w tygodniu,4,w związku,4,5,2,nie chcę odpowiadać,1 - 2,10 i więcej,3 - 5,co kilka dni,rzadziej lub nigdy,co miesiąc,co tydzień,4,7 - 9,7 - 9,5,"poniżej 3,5",powyżej 20 godzin,0,"Rodzina (np. rodzice, opiekunowie)",2 000 - 3 000 zł,do 300 zł,2,Nie,,,
18 - 20 lat,Mężczyzna,W10,Studia I stopnia - kolejne lata (2-4),46 - 60 minut,Dom/mieszkanie rodzinne,Rodzina,4,3,3,2,5,1,5,3 - 5,raz w miesiącu,3,singiel/singielka,2,1,1,nie korzystam,0,6 - 9,0,co miesiąc,rzadziej lub nigdy,co miesiąc,rzadziej lub nigdy,3,5 - 6,7 - 9,1,"4,0 - 4,49",powyżej 20 godzin,0,"Stypendia (socjalne, naukowe lub inne)",do 1 000 zł,do 300 zł,5,Tak,Hybrydowa,do 10 godzin,Nie
21 - 23 lata,Mężczyzna,W10,Studia I stopnia - kolejne lata (2-4),do 15 minut,Mieszkanie wynajmowane pod studia,Współlokatorzy (wielu),1,1,4,2,1,2,1,1 - 2,kilka razy w tygodniu,4,w związku,1,5,1,nie korzystam,1 - 2,10 i więcej,1 - 2,co kilka dni,co kilka dni,co miesiąc,rzadziej lub nigdy,1,7 - 9,7 - 9,4,"poniżej 3,5",7 - 11 godzin,0,Praca zarobkowa,1 000 - 2 000 zł,300 - 600 zł,4,Tak,Stacjonarna,21 - 30 godzin,Nie
21 - 23 lata,Mężczyzna,W4,Studia I stopnia - kolejne lata (2-4),16 - 30 minut,Dom/mieszkanie rodzinne,Rodzina,2,2,1,4,1,4,5,1 - 2,rzadziej niż raz w miesiącu,1,w związku,4,5,1,nie korzystam,3 - 5,10 i więcej,6 - 9,co tydzień,co kilka dni,co kilka dni,co tydzień,3,5 - 6,więcej niż 9,4,"3,5 - 3,99",7 - 11 godzin,0,"Rodzina (np. rodzice, opiekunowie)",do 1 000 zł,do 300 zł,2,Nie,,,
18 - 20 lat,Kobieta,W9,Studia I stopnia - kolejne lata (2-4),do 15 minut,Mieszkanie wynajmowane pod studia,Współlokatorzy (wielu),1,1,1,1,1,2,1,3 - 5,rzadziej niż raz w miesiącu,1,w związku,3,5,2,nie korzystam,1 - 2,1 - 2,1 - 2,co tydzień,rzadziej lub nigdy,co miesiąc,rzadziej lub nigdy,3,5 - 6,5 - 6,5,"4,0 - 4,49",0 - 2 godziny,1,"Rodzina (np. rodzice, opiekunowie)",1 000 - 2 000 zł,do 300 zł,4,Tak,Stacjonarna,21 - 30 godzin,Tak
18 - 20 lat,Mężczyzna,W10,Studia I stopnia - kolejne lata (2-4),16 - 30 minut,Mieszkanie wynajmowane pod studia,Współlokatorzy (wielu),4,2,4,4,2,2,1,3 - 5,rzadziej niż raz w miesiącu,1,singiel/singielka,3,5,3,nie korzystam,3 - 5,3 - 5,3 - 5,co kilka dni,co kilka dni,co miesiąc,co tydzień,3,5 - 6,7 - 9,5,"poniżej 3,5",powyżej 20 godzin,1,"Rodzina (np. rodzice, opiekunowie)",1 000 - 2 000 zł,do 300 zł,4,Tak,Stacjonarna,21 - 30 godzin,Częściowo
21 - 23 lata,Mężczyzna,W10,Studia I stopnia - kolejne lata (2-4),31 - 45 minut,Mieszkanie wynajmowane pod studia,Współlokator (jeden),1,2,1,1,1,1,1,1 - 2,rzadziej niż raz w miesiącu,1,inne/nie chce podawać,1,5,2,raz w miesiącu,0,3 - 5,0,co kilka dni,rzadziej lub nigdy,rzadziej lub nigdy,rzadziej lub nigdy,2,3 - 4,5 - 6,5,"poniżej 3,5",15 - 20 godzin,0,"Rodzina (np. rodzice, opiekunowie)",2 000 - 3 000 zł,do 300 zł,2,Tak,Stacjonarna,11 - 20 godzin,Nie
18 - 20 lat,Kobieta,W10,Studia I stopnia - kolejne lata (2-4),31 - 45 minut,Dom/mieszkanie rodzinne,Rodzina,3,3,4,4,4,4,3,3 - 5,rzadziej niż raz w miesiącu,3,w związku,3,3,2,nie korzystam,1 - 2,3 - 5,1 - 2,co miesiąc,rzadziej lub nigdy,co miesiąc,rzadziej lub nigdy,4,więcej niż 9,więcej niż 9,3,"4,5 - 5,0",3 - 6 godzin,1,"Rodzina (np. rodzice, opiekunowie)",do 1 000 zł,do 300 zł,5,Tak,Zdalna,do 10 godzin,Nie
18 - 20 lat,Mężczyzna,W10,Studia I stopnia - kolejne lata (2-4),16 - 30 minut,Mieszkanie wynajmowane pod studia,Współlokatorzy (wielu),2,2,5,3,2,2,1,1 - 2,raz w tygodniu,4,w związku,5,5,2,nie korzystam,0,6 - 9,1 - 2,rzadziej lub nigdy,co tydzień,rzadziej lub nigdy,codziennie,2,7 - 9,7 - 9,4,"4,0 - 4,49",powyżej 20 godzin,0,"Rodzina (np. rodzice, opiekunowie)",1 000 - 2 000 zł,do 300 zł,4,Nie,,,
18 - 20 lat,Mężczyzna,W10,Studia I stopnia - kolejne lata (2-4),16 - 30 minut,Mieszkanie wynajmowane pod studia,Współlokatorzy (wielu),2,2,4,3,1,2,3,1 - 2,raz w miesiącu,3,singiel/singielka,4,5,1,nie korzystam,1 - 2,6 - 9,1 - 2,co kilka dni,co kilka dni,co miesiąc,rzadziej lub nigdy,2,5 - 6,7 - 9,4,"poniżej 3,5",7 - 11 godzin,1,"Rodzina (np. rodzice, opiekunowie)",2 000 - 3 000 zł,do 300 zł,5,Nie,,,
18 - 20 lat,Kobieta,W10,Studia I stopnia - kolejne lata (2-4),31 - 45 minut,Dom/mieszkanie rodzinne,Rodzina,3,2,4,2,1,4,2,1 - 2,kilka razy w tygodniu,3,singiel/singielka,5,4,2,nie korzystam,1 - 2,6 - 9,1 - 2,rzadziej lub nigdy,rzadziej lub nigdy,rzadziej lub nigdy,rzadziej lub nigdy,5,5 - 6,7 - 9,1,"4,0 - 4,49",3 - 6 godzin,1,"Rodzina (np. rodzice, opiekunowie)",do 1 000 zł,do 300 zł,4,Nie,,,
21 - 23 lata,Kobieta,W11,Ukończone studia I stopnia (licencjat/inżynier),31 - 45 minut,Dom/mieszkanie rodzinne,Współlokator (jeden),3,2,4,3,1,4,3,3 - 5,raz w miesiącu,5,singiel/singielka,3,5,2,kilka razy w roku,0,6 - 9,3 - 5,co tydzień,rzadziej lub nigdy,rzadziej lub nigdy,rzadziej lub nigdy,3,5 - 6,7 - 9,4,"4,5 - 5,0",15 - 20 godzin,2,"Świadczenia publiczne lub prywatne (np. renta, alimenty)",1 000 - 2 000 zł,300 - 600 zł,4,Nie,,,
21 - 23 lata,Kobieta,W10,Studia I stopnia - kolejne lata (2-4),16 - 30 minut,Mieszkanie wynajmowane pod studia,Współlokator (jeden),3,3,4,3,1,4,2,3 - 5,kilka razy w tygodniu,3,w związku,3,5,2,nie korzystam,0,6 - 9,3 - 5,co miesiąc,rzadziej lub nigdy,co miesiąc,rzadziej lub nigdy,3,5 - 6,7 - 9,4,"4,0 - 4,49",7 - 11 godzin,1,"Rodzina (np. rodzice, opiekunowie)",3 000 - 4 000 zł,do 300 zł,4,Tak,Zdalna,do 10 godzin,Nie
18 - 20 lat,Mężczyzna,W10,Studia I stopnia - kolejne lata (2-4),16 - 30 minut,Mieszkanie wynajmowane pod studia,Współlokator (jeden),3,1,2,3,3,3,1,3 - 5,raz w miesiącu,4,w związku,4,4,3,nie korzystam,1 - 2,10 i więcej,1 - 2,co tydzień,co miesiąc,co miesiąc,codziennie,4,5 - 6,7 - 9,2,"poniżej 3,5",11 - 15 godzin,0,"Rodzina (np. rodzice, opiekunowie)",1 000 - 2 000 zł,do 300 zł,3,Tak,Zdalna,do 10 godzin,Nie
21 - 23 lata,Mężczyzna,W4,Studia I stopnia - kolejne lata (2-4),16 - 30 minut,Mieszkanie wynajmowane pod studia,Współlokator (jeden),3,3,2,2,2,4,3,6 - 9,kilka razy w tygodniu,4,w związku,4,4,2,nie korzystam,1 - 2,6 - 9,1 - 2,co tydzień,co kilka dni,co miesiąc,rzadziej lub nigdy,3,7 - 9,7 - 9,1,"3,5 - 3,99",3 - 6 godzin,0,"Rodzina (np. rodzice, opiekunowie)",3 000 - 4 000 zł,300 - 600 zł,2,Tak,Zdalna,do 10 godzin,Nie
18 - 20 lat,Kobieta,W11,Studia I stopnia - kolejne lata (2-4),do 15 minut,Akademik publiczny,Współlokatorzy (wielu),5,4,4,4,4,5,4,3 - 5,codziennie,4,singiel/singielka,3,3,4,1-2 razy w roku,10 i więcej,3 - 5,1 - 2,rzadziej lub nigdy,rzadziej lub nigdy,co miesiąc,rzadziej lub nigdy,4,7 - 9,więcej niż 9,3,"4,5 - 5,0",15 - 20 godzin,1,"Rodzina (np. rodzice, opiekunowie)",1 000 - 2 000 zł,do 300 zł,4,Nie,,,
18 - 20 lat,Kobieta,W10,Studia I stopnia - kolejne lata (2-4),do 15 minut,Mieszkanie wynajmowane pod studia,Współlokator (jeden),3,3,2,5,3,3,2,1 - 2,raz w tygodniu,4,w związku,5,5,3,nie korzystam,6 - 9,3 - 5,1 - 2,co tydzień,co miesiąc,co miesiąc,rzadziej lub nigdy,4,5 - 6,7 - 9,3,"3,5 - 3,99",11 - 15 godzin,1,"Rodzina (np. rodzice, opiekunowie)",1 000 - 2 000 zł,do 300 zł,3,Nie,,,
18 - 20 lat,Mężczyzna,W10,Studia I stopnia - kolejne lata (2-4),46 - 60 minut,Dom/mieszkanie rodzinne,Rodzina,3,4,5,4,3,4,4,0,wcale,5,singiel/singielka,5,3,5,nie korzystam,0,6 - 9,6 - 9,co miesiąc,rzadziej lub nigdy,rzadziej lub nigdy,rzadziej lub nigdy,4,7 - 9,7 - 9,1,"poniżej 3,5",15 - 20 godzin,0,"Rodzina (np. rodzice, opiekunowie)",do 1 000 zł,do 300 zł,5,Nie,,,
21 - 23 lata,Mężczyzna,W4,Studia I stopnia - kolejne lata (2-4),do 15 minut,Mieszkanie wynajmowane pod studia,Współlokatorzy (wielu),3,2,4,5,5,4,4,6 - 9,raz w tygodniu,4,singiel/singielka,5,1,3,nie korzystam,6 - 9,10 i więcej,1 - 2,co tydzień,codziennie,co miesiąc,rzadziej lub nigdy,4,7 - 9,7 - 9,5,"4,5 - 5,0",15 - 20 godzin,0,"Rodzina (np. rodzice, opiekunowie)",3 000 - 4 000 zł,1 000 - 1 500 zł,3,Nie,,,
18 - 20 lat,Mężczyzna,W10,Studia I stopnia - 1. rok,46 - 60 minut,Dom/mieszkanie rodzinne,Mieszkam sam/a,2,1,2,2,2,2,2,1 - 2,raz w miesiącu,1,singiel/singielka,2,5,1,1-2 razy w roku,0,6 - 9,1 - 2,rzadziej lub nigdy,rzadziej lub nigdy,rzadziej lub nigdy,rzadziej lub nigdy,3,7 - 9,7 - 9,3,Brak - w trakcie pierwszego semestru,3 - 6 godzin,0,"Rodzina (np. rodzice, opiekunowie)",do 1 000 zł,do 300 zł,2,Nie,,,
18 - 20 lat,Mężczyzna,W2,Studia I stopnia - 1. rok,16 - 30 minut,Mieszkanie wynajmowane pod studia,Współlokatorzy (wielu),3,2,3,3,2,1,2,1 - 2,rzadziej niż raz w miesiącu,3,singiel/singielka,3,4,3,nie korzystam,1 - 2,3 - 5,1 - 2,co miesiąc,rzadziej lub nigdy,co miesiąc,rzadziej lub nigdy,4,7 - 9,7 - 9,2,Brak - w trakcie pierwszego semestru,3 - 6 godzin,0,"Rodzina (np. rodzice, opiekunowie)",2 000 - 3 000 zł,powyżej 1 500 zł,4,Tak,Hybrydowa,do 10 godzin,Nie
18 - 20 lat,Kobieta,W2,Studia I stopnia - 1. rok,16 - 30 minut,Mieszkanie wynajmowane pod studia,Współlokatorzy (wielu),4,3,3,3,4,2,3,3 - 5,raz w miesiącu,3,singiel/singielka,2,3,4,nie korzystam,1 - 2,10 i więcej,1 - 2,co kilka dni,codziennie,co miesiąc,rzadziej lub nigdy,3,3 - 4,więcej niż 9,5,Brak - w trakcie pierwszego semestru,powyżej 20 godzin,0,"Rodzina (np. rodzice, opiekunowie)",2 000 - 3 000 zł,do 300 zł,3,Nie,,,
18 - 20 lat,Mężczyzna,W2,Studia I stopnia - 1. rok,do 15 minut,Mieszkanie wynajmowane pod studia,Współlokatorzy (wielu),4,3,3,5,3,4,1,1 - 2,rzadziej niż raz w miesiącu,3,singiel/singielka,3,5,2,nie korzystam,1 - 2,6 - 9,1 - 2,co tydzień,codziennie,rzadziej lub nigdy,rzadziej lub nigdy,4,5 - 6,7 - 9,3,Brak - w trakcie pierwszego semestru,7 - 11 godzin,0,"Rodzina (np. rodzice, opiekunowie)",2 000 - 3 000 zł,do 300 zł,2,Tak,Hybrydowa,do 10 godzin,Nie
18 - 20 lat,Mężczyzna,W2,Studia I stopnia - 1. rok,46 - 60 minut,Dom/mieszkanie rodzinne,Rodzina,4,4,3,5,4,2,2,0,wcale,4,w związku,4,5,4,nie korzystam,1 - 2,6 - 9,1 - 2,co miesiąc,rzadziej lub nigdy,rzadziej lub nigdy,rzadziej lub nigdy,4,3 - 4,5 - 6,2,Brak - w trakcie pierwszego semestru,15 - 20 godzin,0,"Rodzina (np. rodzice, opiekunowie)",do 1 000 zł,do 300 zł,3,Tak,Stacjonarna,11 - 20 godzin,Nie
18 - 20 lat,Kobieta,W4,Studia I stopnia - 1. rok,46 - 60 minut,Dom/mieszkanie rodzinne,Rodzina,4,4,4,4,2,4,2,6 - 9,kilka razy w tygodniu,4,singiel/singielka,4,5,2,nie korzystam,0,3 - 5,1 - 2,co tydzień,rzadziej lub nigdy,co miesiąc,rzadziej lub nigdy,4,5 - 6,7 - 9,3,Brak - w trakcie pierwszego semestru,3 - 6 godzin,0,"Rodzina (np. rodzice, opiekunowie)",do 1 000 zł,300 - 600 zł,5,Nie,,,
18 - 20 lat,Kobieta,W2,Studia I stopnia - 1. rok,powyżej 60 minut,Dom/mieszkanie rodzinne,Rodzina,2,3,3,2,2,2,2,3 - 5,raz w tygodniu,4,singiel/singielka,4,5,2,nie korzystam,1 - 2,6 - 9,1 - 2,co kilka dni,co kilka dni,co tydzień,codziennie,3,5 - 6,7 - 9,5,Brak - w trakcie pierwszego semestru,15 - 20 godzin,1,"Rodzina (np. rodzice, opiekunowie)",1 000 - 2 000 zł,do 300 zł,3,Nie,,,
18 - 20 lat,Mężczyzna,W2,Studia I stopnia - 1. rok,16 - 30 minut,Akademik prywatny,Mieszkam sam/a,1,1,1,1,1,1,1,0,rzadziej niż raz w miesiącu,1,singiel/singielka,5,5,1,nie korzystam,1 - 2,3 - 5,1 - 2,nie chcę odpowiadać,nie chcę odpowiadać,nie chcę odpowiadać,nie chcę odpowiadać,1,3 - 4,5 - 6,1,"4,0 - 4,49",0 - 2 godziny,0,"Rodzina (np. rodzice, opiekunowie)",3 000 - 4 000 zł,do 300 zł,1,Nie,,,
18 - 20 lat,Kobieta,W2,Studia I stopnia - 1. rok,do 15 minut,Akademik publiczny,Współlokatorzy (wielu),2,2,1,2,1,4,1,3 - 5,raz w miesiącu,3,w związku,3,5,2,nie korzystam,0,6 - 9,1 - 2,rzadziej lub nigdy,codziennie,co miesiąc,codziennie,3,3 - 4,7 - 9,5,Brak - w trakcie pierwszego semestru,3 - 6 godzin,0,"Rodzina (np. rodzice, opiekunowie)",1 000 - 2 000 zł,do 300 zł,2,Nie,,,
18 - 20 lat,Kobieta,W2,Studia I stopnia - 1. rok,46 - 60 minut,Inne,Współlokator (jeden),1,1,1,2,1,1,2,1 - 2,raz w miesiącu,2,singiel/singielka,2,4,2,nie korzystam,0,6 - 9,3 - 5,co tydzień,rzadziej lub nigdy,co miesiąc,codziennie,4,7 - 9,7 - 9,2,Brak - w trakcie pierwszego semestru,3 - 6 godzin,0,Inne źródła (np. oszczędności),do 1 000 zł,do 300 zł,2,Nie,,,
18 - 20 lat,Kobieta,W1,Studia I stopnia - 1. rok,do 15 minut,Mieszkanie wynajmowane pod studia,Współlokatorzy (wielu),3,3,3,3,3,4,2,6 - 9,raz w tygodniu,3,singiel/singielka,5,3,3,nie korzystam,1 - 2,6 - 9,1 - 2,co tydzień,co tydzień,co miesiąc,codziennie,3,5 - 6,7 - 9,1,Brak - w trakcie pierwszego semestru,11 - 15 godzin,0,"Rodzina (np. rodzice, opiekunowie)",2 000 - 3 000 zł,do 300 zł,3,Tak,Zdalna,do 10 godzin,Nie
18 - 20 lat,Mężczyzna,W2,Studia I stopnia - 1. rok,do 15 minut,Akademik publiczny,Współlokator (jeden),4,3,2,4,1,2,3,6 - 9,kilka razy w tygodniu,2,singiel/singielka,3,4,3,nie korzystam,6 - 9,3 - 5,1 - 2,co kilka dni,codziennie,co tydzień,codziennie,3,5 - 6,7 - 9,3,Brak - w trakcie pierwszego semestru,7 - 11 godzin,0,"Rodzina (np. rodzice, opiekunowie)",1 000 - 2 000 zł,300 - 600 zł,2,Nie,,,
18 - 20 lat,Kobieta,W1,Studia I stopnia - 1. rok,31 - 45 minut,Dom/mieszkanie rodzinne,Rodzina,4,3,3,4,3,4,3,3 - 5,raz w tygodniu,4,singiel/singielka,4,2,3,nie korzystam,1 - 2,3 - 5,1 - 2,co kilka dni,co miesiąc,co miesiąc,rzadziej lub nigdy,4,7 - 9,7 - 9,2,Brak - w trakcie pierwszego semestru,3 - 6 godzin,0,"Rodzina (np. rodzice, opiekunowie)",do 1 000 zł,do 300 zł,5,Nie,,,
18 - 20 lat,Kobieta,W2,Studia I stopnia - 1. rok,16 - 30 minut,Mieszkanie wynajmowane pod studia,Współlokatorzy (wielu),2,3,1,3,1,3,1,3 - 5,kilka razy w tygodniu,4,singiel/singielka,3,5,2,nie korzystam,1 - 2,3 - 5,1 - 2,co kilka dni,co tydzień,co miesiąc,rzadziej lub nigdy,2,5 - 6,więcej niż 9,5,Brak - w trakcie pierwszego semestru,15 - 20 godzin,0,"Rodzina (np. rodzice, opiekunowie)",1 000 - 2 000 zł,300 - 600 zł,4,Nie,,,
18 - 20 lat,Kobieta,W2,Studia I stopnia - 1. rok,31 - 45 minut,Mieszkanie wynajmowane pod studia,Współlokatorzy (wielu),3,2,3,2,2,4,3,3 - 5,raz w miesiącu,5,singiel/singielka,3,5,3,nie korzystam,0,3 - 5,3 - 5,co miesiąc,rzadziej lub nigdy,co miesiąc,codziennie,3,7 - 9,7 - 9,2,Brak - w trakcie pierwszego semestru,15 - 20 godzin,0,"Rodzina (np. rodzice, opiekunowie)",1 000 - 2 000 zł,300 - 600 zł,3,Nie,,,
18 - 20 lat,Kobieta,W1,Studia I stopnia - 1. rok,16 - 30 minut,Mieszkanie wynajmowane pod studia,Współlokator (jeden),3,3,4,2,3,4,3,3 - 5,raz w tygodniu,5,singiel/singielka,4,4,3,nie korzystam,1 - 2,3 - 5,1 - 2,co miesiąc,co kilka dni,co tydzień,codziennie,3,5 - 6,7 - 9,3,Brak - w trakcie pierwszego semestru,11 - 15 godzin,0,"Rodzina (np. rodzice, opiekunowie)",2 000 - 3 000 zł,do 300 zł,5,Nie,,,
21 - 23 lata,Mężczyzna,W4,Studia I stopnia - kolejne lata (2-4),do 15 minut,Akademik publiczny,Współlokator (jeden),5,3,3,4,5,5,2,3 - 5,raz w tygodniu,5,singiel/singielka,5,1,5,nie korzystam,3 - 5,6 - 9,0,co tydzień,rzadziej lub nigdy,co miesiąc,rzadziej lub nigdy,2,5 - 6,więcej niż 9,1,"4,5 - 5,0",powyżej 20 godzin,1,Praca zarobkowa,1 000 - 2 000 zł,do 300 zł,3,Tak,Stacjonarna,do 10 godzin,Częściowo
18 - 20 lat,Mężczyzna,W8,Studia I stopnia - 1. rok,16 - 30 minut,Dom/mieszkanie rodzinne,Rodzina,5,3,4,5,5,5,4,6 - 9,raz w tygodniu,4,singiel/singielka,4,2,4,1-2 razy w roku,6 - 9,3 - 5,1 - 2,co tydzień,rzadziej lub nigdy,rzadziej lub nigdy,rzadziej lub nigdy,5,7 - 9,7 - 9,1,Brak - w trakcie pierwszego semestru,7 - 11 godzin,0,Praca zarobkowa,do 1 000 zł,do 300 zł,4,Tak,Stacjonarna,do 10 godzin,Nie
18 - 20 lat,Mężczyzna,W2,Studia I stopnia - 1. rok,16 - 30 minut,Mieszkanie wynajmowane pod studia,Współlokatorzy (wielu),3,3,3,1,2,4,2,3 - 5,raz w tygodniu,3,singiel/singielka,5,5,4,nie korzystam,1 - 2,6 - 9,1 - 2,co kilka dni,codziennie,co tydzień,codziennie,3,5 - 6,7 - 9,4,"3,5 - 3,99",powyżej 20 godzin,0,"Rodzina (np. rodzice, opiekunowie)",1 000 - 2 000 zł,do 300 zł,4,Nie,,,
18 - 20 lat,Mężczyzna,W6,Studia I stopnia - 1. rok,16 - 30 minut,Mieszkanie wynajmowane pod studia,Współlokatorzy (wielu),4,3,3,5,3,4,4,6 - 9,kilka razy w tygodniu,4,singiel/singielka,4,4,3,nie korzystam,10 i więcej,3 - 5,1 - 2,co kilka dni,codziennie,co tydzień,rzadziej lub nigdy,3,7 - 9,7 - 9,4,Brak - w trakcie pierwszego semestru,7 - 11 godzin,0,"Rodzina (np. rodzice, opiekunowie)",1 000 - 2 000 zł,600 - 1 000 zł,3,Nie,,,
21 - 23 lata,Mężczyzna,W8,Studia I stopnia - 1. rok,powyżej 60 minut,Dom/mieszkanie rodzinne,Rodzina,3,2,4,4,3,2,2,3 - 5,raz w miesiącu,3,singiel/singielka,5,3,3,nie korzystam,1 - 2,3 - 5,1 - 2,co kilka dni,rzadziej lub nigdy,rzadziej lub nigdy,rzadziej lub nigdy,2,7 - 9,7 - 9,2,Brak - w trakcie pierwszego semestru,0 - 2 godziny,0,"Rodzina (np. rodzice, opiekunowie)",do 1 000 zł,do 300 zł,4,Nie,,,
21 - 23 lata,Mężczyzna,W2,Studia I stopnia - kolejne lata (2-4),do 15 minut,Mieszkanie wynajmowane pod studia,Współlokator (jeden),5,4,4,4,5,5,3,3 - 5,raz w miesiącu,4,w związku,4,2,4,nie korzystam,6 - 9,3 - 5,1 - 2,co miesiąc,co kilka dni,co tydzień,co kilka dni,4,7 - 9,7 - 9,2,"3,5 - 3,99",15 - 20 godzin,0,"Rodzina (np. rodzice, opiekunowie)",2 000 - 3 000 zł,do 300 zł,3,Nie,,,
18 - 20 lat,Mężczyzna,W2,Studia I stopnia - 1. rok,do 15 minut,Akademik publiczny,Współlokatorzy (wielu),5,5,4,5,5,5,5,1 - 2,wcale,5,w związku,5,3,3,nie korzystam,0,3 - 5,1 - 2,co miesiąc,rzadziej lub nigdy,rzadziej lub nigdy,rzadziej lub nigdy,3,7 - 9,7 - 9,2,Brak - w trakcie pierwszego semestru,powyżej 20 godzin,0,"Rodzina (np. rodzice, opiekunowie)",1 000 - 2 000 zł,do 300 zł,4,Nie,,,
21 - 23 lata,Mężczyzna,W4,Studia I stopnia - kolejne lata (2-4),31 - 45 minut,Mieszkanie wynajmowane pod studia,Współlokator (jeden),4,2,3,4,3,4,3,3 - 5,raz w miesiącu,4,w związku,4,5,3,nie korzystam,1 - 2,10 i więcej,1 - 2,co tydzień,co miesiąc,co miesiąc,codziennie,3,5 - 6,7 - 9,3,"4,5 - 5,0",powyżej 20 godzin,1,"Rodzina (np. rodzice, opiekunowie)",1 000 - 2 000 zł,do 300 zł,4,Tak,Zdalna,11 - 20 godzin,Tak
21 - 23 lata,Wolę nie odpowiadać,W4,Studia I stopnia - kolejne lata (2-4),do 15 minut,Akademik publiczny,Współlokator (jeden),4,3,4,3,2,1,1,1 - 2,raz w tygodniu,3,singiel/singielka,4,2,3,nie korzystam,1 - 2,6 - 9,1 - 2,rzadziej lub nigdy,rzadziej lub nigdy,rzadziej lub nigdy,rzadziej lub nigdy,3,7 - 9,7 - 9,2,"4,0 - 4,49",powyżej 20 godzin,2,"Rodzina (np. rodzice, opiekunowie)",1 000 - 2 000 zł,300 - 600 zł,4,Nie,,,
21 - 23 lata,Kobieta,W4,Studia I stopnia - kolejne lata (2-4),do 15 minut,Mieszkanie wynajmowane pod studia,Współlokator (jeden),3,3,3,2,3,4,1,3 - 5,raz w miesiącu,4,w związku,4,4,2,nie korzystam,1 - 2,10 i więcej,1 - 2,co tydzień,rzadziej lub nigdy,rzadziej lub nigdy,rzadziej lub nigdy,3,7 - 9,7 - 9,4,"4,5 - 5,0",powyżej 20 godzin,1,"Rodzina (np. rodzice, opiekunowie)",2 000 - 3 000 zł,do 300 zł,4,Nie,,,
21 - 23 lata,Mężczyzna,W4,Studia I stopnia - kolejne lata (2-4),16 - 30 minut,Inne,Współlokator (jeden),3,3,3,2,4,3,2,1 - 2,raz w tygodniu,2,w związku,3,2,4,nie korzystam,3 - 5,10 i więcej,1 - 2,co kilka dni,rzadziej lub nigdy,rzadziej lub nigdy,rzadziej lub nigdy,4,5 - 6,5 - 6,5,"4,5 - 5,0",powyżej 20 godzin,1,"Rodzina (np. rodzice, opiekunowie)",do 1 000 zł,do 300 zł,4,Tak,Zdalna,11 - 20 godzin,Tak
21 - 23 lata,Wolę nie odpowiadać,W4,Studia I stopnia - kolejne lata (2-4),16 - 30 minut,Mieszkanie wynajmowane pod studia,Współlokator (jeden),1,1,1,1,1,5,2,6 - 9,rzadziej niż raz w miesiącu,4,w związku,3,5,1,kilka razy w miesiącu,0,10 i więcej,1 - 2,co tydzień,rzadziej lub nigdy,rzadziej lub nigdy,rzadziej lub nigdy,3,5 - 6,7 - 9,3,"4,0 - 4,49",7 - 11 godzin,1,"Rodzina (np. rodzice, opiekunowie)",do 1 000 zł,600 - 1 000 zł,3,Tak,Hybrydowa,21 - 30 godzin,Tak
21 - 23 lata,Mężczyzna,W4,Studia I stopnia - kolejne lata (2-4),16 - 30 minut,Mieszkanie wynajmowane pod studia,Współlokatorzy (wielu),5,2,5,5,4,4,5,3 - 5,kilka razy w tygodniu,4,w związku,5,2,4,nie korzystam,6 - 9,3 - 5,1 - 2,co tydzień,rzadziej lub nigdy,co kilka dni,rzadziej lub nigdy,3,7 - 9,więcej niż 9,3,"powyżej 5,0",7 - 11 godzin,1,Praca zarobkowa,2 000 - 3 000 zł,600 - 1 000 zł,5,Tak,Hybrydowa,11 - 20 godzin,Nie
21 - 23 lata,Kobieta,W4,Studia I stopnia - kolejne lata (2-4),31 - 45 minut,Mieszkanie wynajmowane pod studia,Mieszkam sam/a,1,1,2,3,1,1,1,3 - 5,kilka razy w tygodniu,3,w związku,3,5,1,nie korzystam,6 - 9,6 - 9,1 - 2,co miesiąc,rzadziej lub nigdy,rzadziej lub nigdy,rzadziej lub nigdy,4,7 - 9,7 - 9,1,"powyżej 5,0",11 - 15 godzin,0,Praca zarobkowa,2 000 - 3 000 zł,300 - 600 zł,2,Tak,Hybrydowa,powyżej 30 godzin,Tak
21 - 23 lata,Mężczyzna,W4,Studia I stopnia - kolejne lata (2-4),do 15 minut,Mieszkanie wynajmowane pod studia,Współlokator (jeden),4,3,3,5,4,2,1,3 - 5,rzadziej niż raz w miesiącu,5,w związku,4,5,4,nie korzystam,6 - 9,10 i więcej,3 - 5,co kilka dni,rzadziej lub nigdy,rzadziej lub nigdy,rzadziej lub nigdy,3,7 - 9,7 - 9,2,"4,0 - 4,49",powyżej 20 godzin,0,"Rodzina (np. rodzice, opiekunowie)",3 000 - 4 000 zł,300 - 600 zł,3,Nie,,,
21 - 23 lata,Mężczyzna,W4,Studia I stopnia - kolejne lata (2-4),31 - 45 minut,Dom/mieszkanie rodzinne,Mieszkam sam/a,5,3,5,5,5,5,2,3 - 5,raz w tygodniu,5,inne/nie chce podawać,5,2,5,nie korzystam,3 - 5,10 i więcej,1 - 2,co miesiąc,rzadziej lub nigdy,co tydzień,codziennie,5,5 - 6,więcej niż 9,2,"4,5 - 5,0",15 - 20 godzin,0,Praca zarobkowa,1 000 - 2 000 zł,1 000 - 1 500 zł,5,Tak,Hybrydowa,21 - 30 godzin,Tak
21 - 23 lata,Mężczyzna,W4,Studia I stopnia - kolejne lata (2-4),do 15 minut,Mieszkanie wynajmowane pod studia,Współlokator (jeden),4,1,5,4,4,4,2,3 - 5,raz w tygodniu,4,w związku,4,3,4,1-2 razy w roku,3 - 5,10 i więcej,1 - 2,co kilka dni,rzadziej lub nigdy,co miesiąc,rzadziej lub nigdy,3,5 - 6,7 - 9,4,"3,5 - 3,99",7 - 11 godzin,0,Praca zarobkowa,3 000 - 4 000 zł,600 - 1 000 zł,5,Tak,Zdalna,powyżej 30 godzin,Tak
21 - 23 lata,Mężczyzna,W4,Studia I stopnia - kolejne lata (2-4),31 - 45 minut,Inne,Mieszkam sam/a,5,4,5,3,5,4,4,6 - 9,kilka razy w tygodniu,5,singiel/singielka,5,3,4,nie korzystam,1 - 2,6 - 9,1 - 2,co tydzień,rzadziej lub nigdy,rzadziej lub nigdy,rzadziej lub nigdy,3,7 - 9,7 - 9,2,"4,5 - 5,0",15 - 20 godzin,1,"Rodzina (np. rodzice, opiekunowie)",1 000 - 2 000 zł,do 300 zł,5,Nie,,,
21 - 23 lata,Mężczyzna,W10,Studia I stopnia - kolejne lata (2-4),16 - 30 minut,Mieszkanie wynajmowane pod studia,Współlokatorzy (wielu),4,3,3,2,2,4,1,3 - 5,raz w miesiącu,3,singiel/singielka,4,3,3,nie korzystam,0,6 - 9,0,co miesiąc,rzadziej lub nigdy,co miesiąc,rzadziej lub nigdy,3,5 - 6,3 - 4,3,"4,0 - 4,49",11 - 15 godzin,1,Praca zarobkowa,1 000 - 2 000 zł,300 - 600 zł,2,Tak,Stacjonarna,11 - 20 godzin,Nie
21 - 23 lata,Mężczyzna,W11,Studia II stopnia lub ukończone studia II stopnia (magister),16 - 30 minut,Mieszkanie wynajmowane pod studia,Współlokatorzy (wielu),4,4,4,3,3,4,2,1 - 2,rzadziej niż raz w miesiącu,4,w związku,5,4,3,nie korzystam,0,3 - 5,1 - 2,co miesiąc,rzadziej lub nigdy,rzadziej lub nigdy,rzadziej lub nigdy,4,7 - 9,więcej niż 9,3,"4,5 - 5,0",7 - 11 godzin,0,"Stypendia (socjalne, naukowe lub inne)",2 000 - 3 000 zł,do 300 zł,4,Nie,,,
18 - 20 lat,Mężczyzna,W4,Studia I stopnia - kolejne lata (2-4),16 - 30 minut,Dom/mieszkanie rodzinne,Rodzina,4,3,2,3,4,4,4,0,kilka razy w tygodniu,5,singiel/singielka,5,4,2,nie korzystam,1 - 2,1 - 2,1 - 2,co miesiąc,rzadziej lub nigdy,rzadziej lub nigdy,rzadziej lub nigdy,3,7 - 9,7 - 9,2,"3,5 - 3,99",7 - 11 godzin,0,"Rodzina (np. rodzice, opiekunowie)",do 1 000 zł,do 300 zł,4,Nie,,,
18 - 20 lat,Kobieta,W4,Studia I stopnia - 1. rok,31 - 45 minut,Mieszkanie wynajmowane pod studia,Współlokator (jeden),4,2,5,2,1,5,1,3 - 5,wcale,5,w związku,4,5,3,nie korzystam,0,6 - 9,1 - 2,co miesiąc,rzadziej lub nigdy,rzadziej lub nigdy,codziennie,4,7 - 9,więcej niż 9,4,Brak - w trakcie pierwszego semestru,powyżej 20 godzin,0,"Rodzina (np. rodzice, opiekunowie)",do 1 000 zł,do 300 zł,5,Nie,,,
18 - 20 lat,Mężczyzna,W4,Studia I stopnia - 1. rok,16 - 30 minut,Mieszkanie wynajmowane pod studia,Współlokator (jeden),4,4,3,2,3,4,3,3 - 5,rzadziej niż raz w miesiącu,3,w związku,4,4,3,nie korzystam,3 - 5,1 - 2,1 - 2,co miesiąc,rzadziej lub nigdy,rzadziej lub nigdy,rzadziej lub nigdy,4,7 - 9,7 - 9,3,Brak - w trakcie pierwszego semestru,7 - 11 godzin,0,Inne źródła (np. oszczędności),3 000 - 4 000 zł,do 300 zł,3,Nie,,,
18 - 20 lat,Mężczyzna,W4,Studia I stopnia - 1. rok,16 - 30 minut,Mieszkanie wynajmowane pod studia,Współlokatorzy (wielu),4,3,3,5,4,4,3,3 - 5,raz w miesiącu,4,singiel/singielka,4,3,4,nie korzystam,10 i więcej,6 - 9,1 - 2,co tydzień,rzadziej lub nigdy,co miesiąc,rzadziej lub nigdy,3,7 - 9,7 - 9,2,Brak - w trakcie pierwszego semestru,11 - 15 godzin,0,"Rodzina (np. rodzice, opiekunowie)",1 000 - 2 000 zł,do 300 zł,4,Nie,,,
18 - 20 lat,Mężczyzna,W4,Studia I stopnia - 1. rok,31 - 45 minut,Mieszkanie wynajmowane pod studia,Współlokatorzy (wielu),2,2,1,2,1,3,1,1 - 2,raz w tygodniu,3,w związku,3,4,2,nie korzystam,1 - 2,6 - 9,3 - 5,co tydzień,rzadziej lub nigdy,rzadziej lub nigdy,rzadziej lub nigdy,4,5 - 6,7 - 9,5,Brak - w trakcie pierwszego semestru,15 - 20 godzin,0,"Rodzina (np. rodzice, opiekunowie)",2 000 - 3 000 zł,do 300 zł,3,Nie,,,
21 - 23 lata,Mężczyzna,W5,Studia I stopnia - 1. rok,powyżej 60 minut,Akademik publiczny,Współlokator (jeden),2,2,2,4,4,4,2,1 - 2,wcale,3,w związku,3,3,3,nie korzystam,1 - 2,3 - 5,3 - 5,co miesiąc,co tydzień,rzadziej lub nigdy,rzadziej lub nigdy,4,5 - 6,więcej niż 9,4,Brak - w trakcie pierwszego semestru,3 - 6 godzin,0,"Rodzina (np. rodzice, opiekunowie)",1 000 - 2 000 zł,do 300 zł,4,Nie,,,
18 - 20 lat,Mężczyzna,W5,Studia I stopnia - 1. rok,31 - 45 minut,Mieszkanie wynajmowane pod studia,Współlokatorzy (wielu),4,4,4,5,3,2,4,1 - 2,rzadziej niż raz w miesiącu,3,singiel/singielka,4,4,3,nie korzystam,1 - 2,6 - 9,1 - 2,co tydzień,co tydzień,rzadziej lub nigdy,rzadziej lub nigdy,3,5 - 6,7 - 9,3,Brak - w trakcie pierwszego semestru,11 - 15 godzin,0,"Rodzina (np. rodzice, opiekunowie)",1 000 - 2 000 zł,do 300 zł,4,Nie,,,
21 - 23 lata,Mężczyzna,W6,Studia I stopnia - kolejne lata (2-4),16 - 30 minut,Akademik publiczny,Współlokatorzy (wielu),3,2,4,4,1,2,2,1 - 2,raz w tygodniu,3,singiel/singielka,3,4,3,nie korzystam,3 - 5,3 - 5,3 - 5,codziennie,codziennie,co kilka dni,rzadziej lub nigdy,2,7 - 9,7 - 9,1,"4,0 - 4,49",3 - 6 godzin,0,Praca zarobkowa,1 000 - 2 000 zł,300 - 600 zł,4,Tak,Stacjonarna,11 - 20 godzin,Nie
21 - 23 lata,Mężczyzna,W9,Studia I stopnia - kolejne lata (2-4),16 - 30 minut,Inne,Współlokatorzy (wielu),3,5,5,3,1,4,3,10 i więcej,raz w tygodniu,3,singiel/singielka,3,5,5,kilka razy w roku,1 - 2,6 - 9,3 - 5,co kilka dni,rzadziej lub nigdy,co miesiąc,rzadziej lub nigdy,2,5 - 6,7 - 9,4,"4,0 - 4,49",powyżej 20 godzin,0,"Rodzina (np. rodzice, opiekunowie)",2 000 - 3 000 zł,300 - 600 zł,5,Nie,,,
18 - 20 lat,Mężczyzna,W5,Studia I stopnia - 1. rok,16 - 30 minut,Mieszkanie wynajmowane pod studia,Współlokator (jeden),2,3,5,4,3,4,2,3 - 5,raz w miesiącu,4,w związku,5,4,3,nie korzystam,1 - 2,3 - 5,1 - 2,co tydzień,co kilka dni,co miesiąc,co miesiąc,2,7 - 9,więcej niż 9,2,Brak - w trakcie pierwszego semestru,11 - 15 godzin,0,"Rodzina (np. rodzice, opiekunowie)",2 000 - 3 000 zł,300 - 600 zł,5,Nie,,,
21 - 23 lata,Mężczyzna,W5,Studia I stopnia - 1. rok,16 - 30 minut,Mieszkanie wynajmowane pod studia,Współlokator (jeden),1,2,1,3,2,3,3,3 - 5,raz w miesiącu,2,w związku,4,4,2,nie korzystam,1 - 2,3 - 5,0,co kilka dni,co kilka dni,co miesiąc,codziennie,3,7 - 9,7 - 9,5,Brak - w trakcie pierwszego semestru,3 - 6 godzin,0,"Rodzina (np. rodzice, opiekunowie)",1 000 - 2 000 zł,300 - 600 zł,3,Nie,,,
21 - 23 lata,Mężczyzna,W4,Studia I stopnia - 1. rok,46 - 60 minut,Dom/mieszkanie rodzinne,Rodzina,3,3,2,1,3,3,3,3 - 5,raz w miesiącu,3,singiel/singielka,5,4,3,nie korzystam,3 - 5,3 - 5,3 - 5,co tydzień,co tydzień,co miesiąc,rzadziej lub nigdy,1,7 - 9,7 - 9,1,Brak - w trakcie pierwszego semestru,7 - 11 godzin,0,Inne źródła (np. oszczędności),2 000 - 3 000 zł,300 - 600 zł,2,Nie,,,
21 - 23 lata,Kobieta,W3,Ukończone studia I stopnia (licencjat/inżynier),16 - 30 minut,Mieszkanie wynajmowane pod studia,Rodzina,5,5,5,5,5,5,4,3 - 5,raz w tygodniu,5,w związku,5,3,5,nie korzystam,0,3 - 5,3 - 5,co miesiąc,rzadziej lub nigdy,co tydzień,co miesiąc,4,7 - 9,więcej niż 9,1,"4,0 - 4,49",powyżej 20 godzin,0,Praca zarobkowa,2 000 - 3 000 zł,300 - 600 zł,5,Tak,Stacjonarna,11 - 20 godzin,Tak
24 - 26 lat,Kobieta,W3,Studia II stopnia lub ukończone studia II stopnia (magister),16 - 30 minut,Akademik publiczny,Współlokator (jeden),3,1,1,2,1,1,1,1 - 2,rzadziej niż raz w miesiącu,2,w związku,4,5,1,raz w tygodniu,3 - 5,3 - 5,1 - 2,rzadziej lub nigdy,rzadziej lub nigdy,co miesiąc,rzadziej lub nigdy,5,5 - 6,więcej niż 9,3,"4,5 - 5,0",powyżej 20 godzin,0,"Rodzina (np. rodzice, opiekunowie)",do 1 000 zł,do 300 zł,1,Nie,,,
24 - 26 lat,Kobieta,W3,Studia II stopnia lub ukończone studia II stopnia (magister),16 - 30 minut,Mieszkanie wynajmowane pod studia,Rodzina,3,3,3,3,3,5,3,1 - 2,rzadziej niż raz w miesiącu,5,zaręczony/zaręczona,5,4,4,nie korzystam,1 - 2,10 i więcej,1 - 2,co tydzień,rzadziej lub nigdy,rzadziej lub nigdy,rzadziej lub nigdy,3,7 - 9,7 - 9,1,"4,5 - 5,0",3 - 6 godzin,0,"Rodzina (np. rodzice, opiekunowie)",2 000 - 3 000 zł,300 - 600 zł,3,Tak,Stacjonarna,11 - 20 godzin,Tak
21 - 23 lata,Kobieta,W3,Studia II stopnia lub ukończone studia II stopnia (magister),31 - 45 minut,Mieszkanie wynajmowane pod studia,Współlokator (jeden),3,2,5,2,3,4,4,3 - 5,kilka razy w tygodniu,4,singiel/singielka,5,4,3,nie korzystam,1 - 2,6 - 9,3 - 5,co kilka dni,co tydzień,co miesiąc,codziennie,4,7 - 9,7 - 9,2,"4,0 - 4,49",0 - 2 godziny,0,Praca zarobkowa,2 000 - 3 000 zł,600 - 1 000 zł,5,Tak,Stacjonarna,do 10 godzin,Nie
21 - 23 lata,Mężczyzna,W3,Studia II stopnia lub ukończone studia II stopnia (magister),16 - 30 minut,Mieszkanie wynajmowane pod studia,Mieszkam sam/a,5,4,4,4,3,4,3,3 - 5,kilka razy w tygodniu,5,singiel/singielka,5,3,4,nie korzystam,1 - 2,6 - 9,1 - 2,co kilka dni,rzadziej lub nigdy,rzadziej lub nigdy,rzadziej lub nigdy,4,7 - 9,więcej niż 9,2,"4,5 - 5,0",15 - 20 godzin,0,"Rodzina (np. rodzice, opiekunowie)",3 000 - 4 000 zł,300 - 600 zł,5,Nie,,,
18 - 20 lat,Mężczyzna,W4,Studia I stopnia - 1. rok,do 15 minut,Akademik publiczny,Współlokator (jeden),4,4,4,3,3,4,4,3 - 5,raz w tygodniu,4,singiel/singielka,5,2,4,nie korzystam,1 - 2,3 - 5,1 - 2,co tydzień,rzadziej lub nigdy,co tydzień,rzadziej lub nigdy,3,7 - 9,więcej niż 9,3,Brak - w trakcie pierwszego semestru,7 - 11 godzin,3 lub więcej,"Rodzina (np. rodzice, opiekunowie)",1 000 - 2 000 zł,do 300 zł,3,Nie,,,
18 - 20 lat,Mężczyzna,W4,Studia I stopnia - 1. rok,do 15 minut,Akademik publiczny,Współlokator (jeden),4,3,5,5,5,5,4,1 - 2,raz w tygodniu,3,singiel/singielka,4,2,3,nie korzystam,1 - 2,6 - 9,6 - 9,co miesiąc,co tydzień,rzadziej lub nigdy,rzadziej lub nigdy,4,7 - 9,więcej niż 9,1,Brak - w trakcie pierwszego semestru,0 - 2 godziny,0,"Rodzina (np. rodzice, opiekunowie)",do 1 000 zł,do 300 zł,5,Nie,,,
21 - 23 lata,Kobieta,W3,Studia II stopnia lub ukończone studia II stopnia (magister),46 - 60 minut,Dom/mieszkanie rodzinne,Rodzina,3,3,3,2,1,2,2,6 - 9,rzadziej niż raz w miesiącu,3,w związku,5,5,1,1-2 razy w roku,0,10 i więcej,3 - 5,co tydzień,co kilka dni,nie chcę odpowiadać,codziennie,3,5 - 6,5 - 6,5,"4,0 - 4,49",3 - 6 godzin,0,Praca zarobkowa,do 1 000 zł,300 - 600 zł,4,Tak,Zdalna,11 - 20 godzin,Nie
18 - 20 lat,Mężczyzna,W4,Studia I stopnia - 1. rok,do 15 minut,Mieszkanie wynajmowane pod studia,Współlokator (jeden),3,2,4,3,4,4,4,3 - 5,raz w tygodniu,4,w związku,4,4,2,nie korzystam,0,6 - 9,3 - 5,co kilka dni,co miesiąc,co tydzień,co kilka dni,2,7 - 9,więcej niż 9,3,Brak - w trakcie pierwszego semestru,7 - 11 godzin,1,"Rodzina (np. rodzice, opiekunowie)",do 1 000 zł,do 300 zł,4,Nie,,,
18 - 20 lat,Mężczyzna,W4,Studia I stopnia - 1. rok,16 - 30 minut,Inne,Współlokator (jeden),5,1,1,1,1,1,1,10 i więcej,raz w tygodniu,5,singiel/singielka,5,1,5,nie korzystam,1 - 2,6 - 9,0,rzadziej lub nigdy,rzadziej lub nigdy,rzadziej lub nigdy,rzadziej lub nigdy,5,5 - 6,7 - 9,1,"3,5 - 3,99",powyżej 20 godzin,1,"Rodzina (np. rodzice, opiekunowie)",1 000 - 2 000 zł,do 300 zł,1,Nie,,,
18 - 20 lat,Mężczyzna,W12,Studia I stopnia - 1. rok,16 - 30 minut,Mieszkanie wynajmowane pod studia,Współlokatorzy (wielu),3,4,4,4,2,2,1,3 - 5,codziennie,5,singiel/singielka,2,4,4,nie korzystam,3 - 5,10 i więcej,10 i więcej,co tydzień,co tydzień,co kilka dni,co miesiąc,4,5 - 6,7 - 9,1,Brak - w trakcie pierwszego semestru,powyżej 20 godzin,0,"Rodzina (np. rodzice, opiekunowie)",1 000 - 2 000 zł,do 300 zł,5,Nie,,,
18 - 20 lat,Mężczyzna,W5,Studia I stopnia - 1. rok,46 - 60 minut,Mieszkanie wynajmowane pod studia,Współlokatorzy (wielu),5,4,2,3,3,2,3,3 - 5,raz w tygodniu,5,w związku,3,4,3,nie korzystam,3 - 5,6 - 9,1 - 2,co tydzień,co kilka dni,co miesiąc,rzadziej lub nigdy,3,7 - 9,7 - 9,1,Brak - w trakcie pierwszego semestru,7 - 11 godzin,0,"Rodzina (np. rodzice, opiekunowie)",2 000 - 3 000 zł,300 - 600 zł,2,Nie,,,
18 - 20 lat,Mężczyzna,W5,Studia I stopnia - 1. rok,16 - 30 minut,Mieszkanie wynajmowane pod studia,Współlokator (jeden),4,3,4,4,3,3,5,1 - 2,kilka razy w tygodniu,3,singiel/singielka,2,3,4,nie korzystam,3 - 5,3 - 5,1 - 2,co miesiąc,co miesiąc,co tydzień,co miesiąc,4,7 - 9,7 - 9,1,Brak - w trakcie pierwszego semestru,7 - 11 godzin,0,"Rodzina (np. rodzice, opiekunowie)",1 000 - 2 000 zł,300 - 600 zł,5,Nie,,,
18 - 20 lat,Mężczyzna,W4,Studia I stopnia - 1. rok,do 15 minut,Mieszkanie wynajmowane pod studia,Współlokatorzy (wielu),5,3,3,3,3,5,3,6 - 9,raz w tygodniu,3,w związku,4,4,3,nie korzystam,1 - 2,3 - 5,1 - 2,co tydzień,rzadziej lub nigdy,co tydzień,codziennie,3,5 - 6,7 - 9,3,Brak - w trakcie pierwszego semestru,7 - 11 godzin,0,"Rodzina (np. rodzice, opiekunowie)",1 000 - 2 000 zł,600 - 1 000 zł,3,Nie,,,
18 - 20 lat,Mężczyzna,W5,Studia I stopnia - 1. rok,16 - 30 minut,Mieszkanie wynajmowane pod studia,Współlokatorzy (wielu),3,4,4,3,3,3,2,1 - 2,codziennie,2,singiel/singielka,5,3,4,nie korzystam,3 - 5,6 - 9,3 - 5,co tydzień,co tydzień,rzadziej lub nigdy,rzadziej lub nigdy,2,7 - 9,7 - 9,2,Brak - w trakcie pierwszego semestru,7 - 11 godzin,0,Praca zarobkowa,2 000 - 3 000 zł,300 - 600 zł,5,Tak,Hybrydowa,do 10 godzin,Tak
21 - 23 lata,Mężczyzna,W5,Studia I stopnia - kolejne lata (2-4),do 15 minut,Mieszkanie wynajmowane pod studia,Współlokator (jeden),3,2,2,4,2,3,2,1 - 2,rzadziej niż raz w miesiącu,5,w związku,4,4,4,nie korzystam,6 - 9,6 - 9,3 - 5,co tydzień,rzadziej lub nigdy,rzadziej lub nigdy,rzadziej lub nigdy,4,5 - 6,7 - 9,1,"3,5 - 3,99",15 - 20 godzin,0,"Rodzina (np. rodzice, opiekunowie)",1 000 - 2 000 zł,300 - 600 zł,3,Tak,Stacjonarna,11 - 20 godzin,Nie
24 - 26 lat,Kobieta,W5,Studia II stopnia lub ukończone studia II stopnia (magister),16 - 30 minut,Mieszkanie wynajmowane pod studia,Współlokatorzy (wielu),4,3,4,2,3,4,2,3 - 5,raz w miesiącu,5,singiel/singielka,4,3,4,kilka razy w miesiącu,0,3 - 5,3 - 5,codziennie,rzadziej lub nigdy,rzadziej lub nigdy,rzadziej lub nigdy,1,5 - 6,7 - 9,1,"4,0 - 4,49",7 - 11 godzin,0,Praca zarobkowa,3 000 - 4 000 zł,1 000 - 1 500 zł,5,Tak,Hybrydowa,powyżej 30 godzin,Tak
21 - 23 lata,Mężczyzna,W5,Studia II stopnia lub ukończone studia II stopnia (magister),do 15 minut,Mieszkanie wynajmowane pod studia,Współlokatorzy (wielu),4,4,4,3,3,4,2,6 - 9,raz w tygodniu,4,singiel/singielka,4,5,3,nie korzystam,1 - 2,6 - 9,1 - 2,rzadziej lub nigdy,co kilka dni,co miesiąc,rzadziej lub nigdy,3,5 - 6,7 - 9,4,"4,5 - 5,0",powyżej 20 godzin,2,"Stypendia (socjalne, naukowe lub inne)",1 000 - 2 000 zł,do 300 zł,3,Nie,,,
21 - 23 lata,Mężczyzna,W5,Studia II stopnia lub ukończone studia II stopnia (magister),16 - 30 minut,Mieszkanie wynajmowane pod studia,Współlokator (jeden),3,3,5,1,2,2,1,1 - 2,raz w tygodniu,2,w związku,1,4,3,nie korzystam,0,10 i więcej,1 - 2,co kilka dni,codziennie,co miesiąc,rzadziej lub nigdy,2,5 - 6,więcej niż 9,5,"4,5 - 5,0",7 - 11 godzin,0,Praca zarobkowa,3 000 - 4 000 zł,300 - 600 zł,5,Tak,Hybrydowa,powyżej 30 godzin,Tak
24 - 26 lat,Mężczyzna,W5,Studia II stopnia lub ukończone studia II stopnia (magister),31 - 45 minut,Mieszkanie wynajmowane pod studia,Współlokator (jeden),3,2,4,3,3,3,2,1 - 2,rzadziej niż raz w miesiącu,4,w związku,4,5,3,nie korzystam,0,10 i więcej,3 - 5,co tydzień,co miesiąc,rzadziej lub nigdy,rzadziej lub nigdy,3,7 - 9,7 - 9,1,"4,0 - 4,49",3 - 6 godzin,0,"Rodzina (np. rodzice, opiekunowie)",2 000 - 3 000 zł,300 - 600 zł,4,Tak,Hybrydowa,21 - 30 godzin,Częściowo
18 - 20 lat,Mężczyzna,W5,Studia I stopnia - 1. rok,16 - 30 minut,Mieszkanie wynajmowane pod studia,Współlokator (jeden),2,1,2,1,1,5,1,3 - 5,raz w miesiącu,2,w związku,2,4,1,nie korzystam,0,6 - 9,1 - 2,co tydzień,rzadziej lub nigdy,co miesiąc,codziennie,3,3 - 4,7 - 9,5,Brak - w trakcie pierwszego semestru,11 - 15 godzin,0,"Świadczenia publiczne lub prywatne (np. renta, alimenty)",2 000 - 3 000 zł,do 300 zł,3,Nie,,,
21 - 23 lata,Mężczyzna,W5,Studia I stopnia - 1. rok,do 15 minut,Mieszkanie wynajmowane pod studia,Współlokatorzy (wielu),3,2,1,3,2,2,3,3 - 5,raz w miesiącu,1,singiel/singielka,3,3,4,nie korzystam,3 - 5,6 - 9,1 - 2,co miesiąc,rzadziej lub nigdy,co tydzień,rzadziej lub nigdy,4,7 - 9,7 - 9,2,"poniżej 3,5",0 - 2 godziny,0,Praca zarobkowa,1 000 - 2 000 zł,do 300 zł,3,Tak,Stacjonarna,11 - 20 godzin,Nie
21 - 23 lata,Mężczyzna,W4,Studia I stopnia - 1. rok,16 - 30 minut,Dom/mieszkanie rodzinne,Mieszkam sam/a,3,2,4,3,2,1,4,1 - 2,raz w miesiącu,4,singiel/singielka,4,4,3,kilka razy w roku,1 - 2,6 - 9,1 - 2,co kilka dni,co kilka dni,co miesiąc,rzadziej lub nigdy,2,5 - 6,więcej niż 9,3,Brak - w trakcie pierwszego semestru,3 - 6 godzin,0,"Rodzina (np. rodzice, opiekunowie)",1 000 - 2 000 zł,do 300 zł,4,Nie,,,
18 - 20 lat,Mężczyzna,W5,Studia I stopnia - kolejne lata (2-4),46 - 60 minut,Dom/mieszkanie rodzinne,Rodzina,3,2,4,4,2,4,2,1 - 2,kilka razy w tygodniu,3,w związku,2,5,2,nie korzystam,6 - 9,6 - 9,3 - 5,co tydzień,co tydzień,co miesiąc,rzadziej lub nigdy,3,3 - 4,7 - 9,5,"3,5 - 3,99",3 - 6 godzin,0,"Rodzina (np. rodzice, opiekunowie)",do 1 000 zł,do 300 zł,4,Nie,,,
21 - 23 lata,Kobieta,W5,Studia I stopnia - kolejne lata (2-4),16 - 30 minut,Mieszkanie wynajmowane pod studia,Mieszkam sam/a,2,2,2,2,2,3,3,1 - 2,rzadziej niż raz w miesiącu,1,w związku,1,5,2,raz w tygodniu,0,3 - 5,1 - 2,co tydzień,rzadziej lub nigdy,rzadziej lub nigdy,co kilka dni,3,5 - 6,5 - 6,3,"3,5 - 3,99",0 - 2 godziny,0,"Rodzina (np. rodzice, opiekunowie)",powyżej 4 000 zł,600 - 1 000 zł,5,Nie,,,
21 - 23 lata,Mężczyzna,W5,Studia I stopnia - kolejne lata (2-4),16 - 30 minut,Dom/mieszkanie rodzinne,Rodzina,3,2,4,3,3,4,4,3 - 5,kilka razy w tygodniu,4,singiel/singielka,4,3,4,nie korzystam,1 - 2,10 i więcej,1 - 2,co kilka dni,co kilka dni,co miesiąc,codziennie,3,5 - 6,7 - 9,2,"4,0 - 4,49",7 - 11 godzin,0,Praca zarobkowa,1 000 - 2 000 zł,300 - 600 zł,4,Tak,Stacjonarna,21 - 30 godzin,Tak
21 - 23 lata,Mężczyzna,W5,Studia I stopnia - 1. rok,do 15 minut,Mieszkanie wynajmowane pod studia,Współlokator (jeden),3,2,2,1,1,3,3,1 - 2,raz w tygodniu,3,w związku,5,5,2,nie korzystam,1 - 2,10 i więcej,1 - 2,co tydzień,co miesiąc,co kilka dni,rzadziej lub nigdy,5,7 - 9,7 - 9,1,"poniżej 3,5",15 - 20 godzin,0,"Rodzina (np. rodzice, opiekunowie)",2 000 - 3 000 zł,do 300 zł,3,Nie,,,
21 - 23 lata,Mężczyzna,W5,Studia I stopnia - kolejne lata (2-4),16 - 30 minut,Mieszkanie wynajmowane pod studia,Współlokatorzy (wielu),4,2,5,4,3,2,5,1 - 2,raz w tygodniu,2,singiel/singielka,4,2,4,nie korzystam,0,6 - 9,10 i więcej,co tydzień,co miesiąc,co tydzień,rzadziej lub nigdy,3,7 - 9,więcej niż 9,2,"4,0 - 4,49",3 - 6 godzin,0,"Rodzina (np. rodzice, opiekunowie)",1 000 - 2 000 zł,do 300 zł,5,Nie,,,
24 - 26 lat,Wolę nie odpowiadać,"W5, W11",Ukończone studia I stopnia (licencjat/inżynier),46 - 60 minut,Akademik prywatny,Rodzina,2,1,4,5,1,1,3,0,codziennie,1,w związku małżeńskim,4,5,1,nie korzystam,0,10 i więcej,10 i więcej,codziennie,codziennie,codziennie,codziennie,5,mniej niż 3,mniej niż 3,1,"powyżej 5,0",0 - 2 godziny,3 lub więcej,"Świadczenia publiczne lub prywatne (np. renta, alimenty)",do 1 000 zł,powyżej 1 500 zł,5,Nie,,,
18 - 20 lat,Kobieta,W12,Studia I stopnia - 1. rok,16 - 30 minut,Mieszkanie wynajmowane pod studia,Współlokatorzy (wielu),4,3,3,3,2,1,4,3 - 5,rzadziej niż raz w miesiącu,3,singiel/singielka,4,4,3,nie korzystam,1 - 2,3 - 5,1 - 2,rzadziej lub nigdy,rzadziej lub nigdy,co miesiąc,rzadziej lub nigdy,4,7 - 9,więcej niż 9,1,Brak - w trakcie pierwszego semestru,11 - 15 godzin,0,"Rodzina (np. rodzice, opiekunowie)",1 000 - 2 000 zł,do 300 zł,4,Nie,,,
21 - 23 lata,Mężczyzna,W5,Studia I stopnia - kolejne lata (2-4),31 - 45 minut,Mieszkanie wynajmowane pod studia,Współlokatorzy (wielu),1,1,1,2,1,3,1,3 - 5,raz w tygodniu,3,singiel/singielka,2,5,2,nie korzystam,10 i więcej,1 - 2,1 - 2,co kilka dni,codziennie,co kilka dni,codziennie,2,3 - 4,7 - 9,5,"poniżej 3,5",powyżej 20 godzin,0,Praca zarobkowa,3 000 - 4 000 zł,do 300 zł,1,Tak,Stacjonarna,powyżej 30 godzin,Nie
18 - 20 lat,Mężczyzna,W12,Studia I stopnia - 1. rok,16 - 30 minut,Akademik publiczny,Współlokatorzy (wielu),2,4,2,2,2,1,3,1 - 2,rzadziej niż raz w miesiącu,4,singiel/singielka,4,2,5,nie korzystam,3 - 5,6 - 9,1 - 2,co miesiąc,co miesiąc,rzadziej lub nigdy,rzadziej lub nigdy,3,7 - 9,7 - 9,2,Brak - w trakcie pierwszego semestru,15 - 20 godzin,0,"Rodzina (np. rodzice, opiekunowie)",1 000 - 2 000 zł,do 300 zł,2,Nie,,,
18 - 20 lat,Mężczyzna,W4,Studia I stopnia - 1. rok,do 15 minut,Akademik publiczny,Współlokator (jeden),2,3,4,3,2,2,3,6 - 9,raz w miesiącu,4,w związku,4,3,2,nie korzystam,0,6 - 9,6 - 9,co tydzień,rzadziej lub nigdy,rzadziej lub nigdy,rzadziej lub nigdy,3,7 - 9,7 - 9,5,Brak - w trakcie pierwszego semestru,0 - 2 godziny,0,"Rodzina (np. rodzice, opiekunowie)",1 000 - 2 000 zł,do 300 zł,4,Nie,,,
18 - 20 lat,Mężczyzna,W12,Studia I stopnia - 1. rok,do 15 minut,Mieszkanie wynajmowane pod studia,Współlokatorzy (wielu),4,3,1,2,3,4,3,3 - 5,kilka razy w tygodniu,4,w związku,4,4,5,nie korzystam,6 - 9,10 i więcej,6 - 9,co miesiąc,co kilka dni,co tydzień,codziennie,2,3 - 4,więcej niż 9,3,Brak - w trakcie pierwszego semestru,7 - 11 godzin,1,"Rodzina (np. rodzice, opiekunowie)",1 000 - 2 000 zł,do 300 zł,2,Nie,,,
21 - 23 lata,Mężczyzna,W5,Studia I stopnia - kolejne lata (2-4),16 - 30 minut,Mieszkanie wynajmowane pod studia,Współlokatorzy (wielu),3,2,5,4,2,1,2,1 - 2,rzadziej niż raz w miesiącu,1,singiel/singielka,5,4,2,nie korzystam,0,10 i więcej,6 - 9,co tydzień,rzadziej lub nigdy,co tydzień,rzadziej lub nigdy,4,5 - 6,więcej niż 9,4,"poniżej 3,5",11 - 15 godzin,0,"Rodzina (np. rodzice, opiekunowie)",2 000 - 3 000 zł,do 300 zł,4,Nie,,,
18 - 20 lat,Mężczyzna,W12,Studia I stopnia - 1. rok,powyżej 60 minut,Dom/mieszkanie rodzinne,Rodzina,3,3,2,4,3,2,2,3 - 5,raz w tygodniu,4,singiel/singielka,4,4,3,nie korzystam,1 - 2,6 - 9,3 - 5,co kilka dni,co kilka dni,co tydzień,rzadziej lub nigdy,4,7 - 9,więcej niż 9,2,Brak - w trakcie pierwszego semestru,7 - 11 godzin,0,"Rodzina (np. rodzice, opiekunowie)",do 1 000 zł,300 - 600 zł,3,Nie,,,
18 - 20 lat,Mężczyzna,W12,Studia I stopnia - 1. rok,16 - 30 minut,Dom/mieszkanie rodzinne,Rodzina,5,1,2,5,1,5,2,3 - 5,raz w tygodniu,1,singiel/singielka,5,5,4,nie korzystam,10 i więcej,3 - 5,0,rzadziej lub nigdy,rzadziej lub nigdy,co tydzień,codziennie,5,3 - 4,więcej niż 9,5,"3,5 - 3,99",7 - 11 godzin,0,"Rodzina (np. rodzice, opiekunowie)",do 1 000 zł,do 300 zł,3,Tak,Stacjonarna,21 - 30 godzin,Nie